{
	"files": [
		{
			"filepath": "/Users/samuel/git-repos/monorepo-2/packages/lix/sdk/src/state/vtable/vtable.select.bench.ts",
			"groups": [
				{
					"fullName": "src/state/vtable/vtable.select.bench.ts",
					"benchmarks": [
						{
							"id": "977659017_0",
							"name": "transaction • entity+version",
							"rank": 11,
							"rme": 2.158908175501305,
							"samples": [],
							"totalTime": 501.99271400000544,
							"min": 2.02599999999984,
							"max": 4.77929100000074,
							"hz": 446.22161587787025,
							"period": 2.2410389017857386,
							"mean": 2.2410389017857386,
							"variance": 0.1364906834445631,
							"sd": 0.3694464554499923,
							"sem": 0.024684679625927027,
							"df": 223,
							"critical": 1.96,
							"moe": 0.04838197206681697,
							"p75": 2.2494580000002316,
							"p99": 4.40558400000009,
							"p995": 4.419082999998864,
							"p999": 4.77929100000074,
							"sampleCount": 224,
							"median": 2.1421250000003056
						},
						{
							"id": "977659017_1",
							"name": "transaction • entity+version+file",
							"rank": 7,
							"rme": 2.508798455466413,
							"samples": [],
							"totalTime": 501.89894900002037,
							"min": 1.9685829999998532,
							"max": 5.151667000000089,
							"hz": 460.25200981241863,
							"period": 2.1727227229438113,
							"mean": 2.1727227229438113,
							"variance": 0.17866521123313453,
							"sd": 0.4226880779406187,
							"sem": 0.0278108337320317,
							"df": 230,
							"critical": 1.96,
							"moe": 0.05450923411478213,
							"p75": 2.151292000000467,
							"p99": 4.799667000001136,
							"p995": 5.043749999998909,
							"p999": 5.151667000000089,
							"sampleCount": 231,
							"median": 2.08916599999975
						},
						{
							"id": "977659017_2",
							"name": "transaction • entity+version+file+plugin",
							"rank": 10,
							"rme": 2.5824889196320173,
							"samples": [],
							"totalTime": 500.8071990000044,
							"min": 1.9909160000006523,
							"max": 5.050250000000233,
							"hz": 447.2779154278851,
							"period": 2.2357464241071625,
							"mean": 2.2357464241071625,
							"variance": 0.19438282919102798,
							"sd": 0.4408886811781722,
							"sem": 0.02945811411920231,
							"df": 223,
							"critical": 1.96,
							"moe": 0.05773790367363652,
							"p75": 2.237374999998792,
							"p99": 4.80279100000007,
							"p995": 5.029875000000175,
							"p999": 5.050250000000233,
							"sampleCount": 224,
							"median": 2.1341039999988425
						},
						{
							"id": "977659017_3",
							"name": "untracked • entity+version",
							"rank": 1,
							"rme": 3.213040607964642,
							"samples": [],
							"totalTime": 500.19502999999713,
							"min": 0.6799169999994774,
							"max": 3.5366249999988213,
							"hz": 1259.5087160302326,
							"period": 0.7939603650793605,
							"mean": 0.7939603650793605,
							"variance": 0.10672311211817688,
							"sd": 0.3266850350386085,
							"sem": 0.013015443337318458,
							"df": 629,
							"critical": 1.96,
							"moe": 0.025510268941144176,
							"p75": 0.7652089999992313,
							"p99": 2.8910419999992882,
							"p995": 3.0973329999997077,
							"p999": 3.5366249999988213,
							"sampleCount": 630,
							"median": 0.7193960000004154
						},
						{
							"id": "977659017_4",
							"name": "untracked • entity+version+file",
							"rank": 2,
							"rme": 3.1823779340201837,
							"samples": [],
							"totalTime": 500.40148099998623,
							"min": 0.692417000000205,
							"max": 3.42766599999959,
							"hz": 1241.0035213305396,
							"period": 0.8057994863123772,
							"mean": 0.8057994863123772,
							"variance": 0.10630089934000739,
							"sd": 0.32603818693522296,
							"sem": 0.013083461757578104,
							"df": 620,
							"critical": 1.96,
							"moe": 0.025643585044853083,
							"p75": 0.7739169999986188,
							"p99": 2.976875000000291,
							"p995": 3.2089579999992566,
							"p999": 3.42766599999959,
							"sampleCount": 621,
							"median": 0.7330000000001746
						},
						{
							"id": "977659017_5",
							"name": "untracked • entity+version+file+plugin",
							"rank": 3,
							"rme": 3.1226686649222204,
							"samples": [],
							"totalTime": 500.15788399998746,
							"min": 0.7127920000002632,
							"max": 3.487250000000131,
							"hz": 1223.613621973847,
							"period": 0.817251444444424,
							"mean": 0.817251444444424,
							"variance": 0.10375343492338492,
							"sd": 0.32210780015917795,
							"sem": 0.013020436106780744,
							"df": 611,
							"critical": 1.96,
							"moe": 0.025520054769290257,
							"p75": 0.7852089999996679,
							"p99": 2.8930419999996957,
							"p995": 3.0364170000011654,
							"p999": 3.487250000000131,
							"sampleCount": 612,
							"median": 0.7518125000005966
						},
						{
							"id": "977659017_6",
							"name": "cache • entity+version",
							"rank": 9,
							"rme": 2.131354180225948,
							"samples": [],
							"totalTime": 502.11183300002085,
							"min": 2.00066599999991,
							"max": 5.3544590000001335,
							"hz": 448.1073442457403,
							"period": 2.231608146666759,
							"mean": 2.231608146666759,
							"variance": 0.13250049536520744,
							"sd": 0.3640061748998325,
							"sem": 0.0242670783266555,
							"df": 224,
							"critical": 1.96,
							"moe": 0.04756347352024478,
							"p75": 2.243957999999111,
							"p99": 4.3009170000004815,
							"p995": 4.70258400000057,
							"p999": 5.3544590000001335,
							"sampleCount": 225,
							"median": 2.1396249999997963
						},
						{
							"id": "977659017_7",
							"name": "cache • entity+version+file",
							"rank": 15,
							"rme": 3.3219844329333217,
							"samples": [],
							"totalTime": 500.98188500002834,
							"min": 1.9694580000013957,
							"max": 6.5633340000003955,
							"hz": 427.16115374109364,
							"period": 2.341036845794525,
							"mean": 2.341036845794525,
							"variance": 0.3369095447935163,
							"sd": 0.5804390965411586,
							"sem": 0.039677999789044585,
							"df": 213,
							"critical": 1.96,
							"moe": 0.07776887958652738,
							"p75": 2.357458000000406,
							"p99": 5.300124999999753,
							"p995": 5.981708000001163,
							"p999": 6.5633340000003955,
							"sampleCount": 214,
							"median": 2.197188000001006
						},
						{
							"id": "977659017_8",
							"name": "cache • entity+version+file+plugin",
							"rank": 8,
							"rme": 2.334470387369339,
							"samples": [],
							"totalTime": 500.84649600001467,
							"min": 1.9952080000002752,
							"max": 4.810209000001123,
							"hz": 451.2360609586722,
							"period": 2.216134938053162,
							"mean": 2.216134938053162,
							"variance": 0.15745825574220518,
							"sd": 0.3968101003530595,
							"sem": 0.026395415241324955,
							"df": 225,
							"critical": 1.96,
							"moe": 0.051735013872996914,
							"p75": 2.205667000000176,
							"p99": 4.59545799999978,
							"p995": 4.6340000000000146,
							"p999": 4.810209000001123,
							"sampleCount": 226,
							"median": 2.1296039999997447
						},
						{
							"id": "977659017_9",
							"name": "(inherited) untracked • entity+version",
							"rank": 5,
							"rme": 2.818677343314758,
							"samples": [],
							"totalTime": 500.42021799999566,
							"min": 0.8324589999992895,
							"max": 3.948707999999897,
							"hz": 1009.1518724369453,
							"period": 0.9909311247524667,
							"mean": 0.9909311247524667,
							"variance": 0.10255501533988096,
							"sd": 0.32024211987163864,
							"sem": 0.01425058729655708,
							"df": 504,
							"critical": 1.96,
							"moe": 0.027931151101251876,
							"p75": 0.9772919999995793,
							"p99": 2.5442089999996824,
							"p995": 3.643707999999606,
							"p999": 3.948707999999897,
							"sampleCount": 505,
							"median": 0.9127079999998386
						},
						{
							"id": "977659017_10",
							"name": "(inherited) untracked • entity+version+file",
							"rank": 4,