{
	"files": [
		{
			"filepath": "/Users/samuel/git-repos/monorepo-2/packages/lix/sdk/src/state/vtable/vtable.select.bench.ts",
			"groups": [
				{
					"fullName": "src/state/vtable/vtable.select.bench.ts",
					"benchmarks": [
						{
							"id": "977659017_0",
							"name": "transaction • entity+version",
							"rank": 13,
							"rme": 3.057643756245331,
							"samples": [],
							"totalTime": 500.68095600000015,
							"min": 2.299457999999504,
							"max": 6.208791000000929,
							"hz": 381.4804571875906,
							"period": 2.6213662617801057,
							"mean": 2.6213662617801057,
							"variance": 0.3194113946449908,
							"sd": 0.5651649269416767,
							"sem": 0.04089389889369441,
							"df": 190,
							"critical": 1.96,
							"moe": 0.08015204183164104,
							"p75": 2.607708999999886,
							"p99": 5.536541999999827,
							"p995": 6.208791000000929,
							"p999": 6.208791000000929,
							"sampleCount": 191,
							"median": 2.43054100000154
						},
						{
							"id": "977659017_1",
							"name": "transaction • entity+version+file",
							"rank": 9,
							"rme": 2.0817804788462824,
							"samples": [],
							"totalTime": 500.9838780000009,
							"min": 2.271375000000262,
							"max": 4.828833000001396,
							"hz": 407.19873225141913,
							"period": 2.455803323529416,
							"mean": 2.455803323529416,
							"variance": 0.1387953939230408,
							"sd": 0.3725525384734894,
							"sem": 0.026083894993925303,
							"df": 203,
							"critical": 1.96,
							"moe": 0.05112443418809359,
							"p75": 2.4391670000004524,
							"p99": 4.484499999998661,
							"p995": 4.517792000000554,
							"p999": 4.828833000001396,
							"sampleCount": 204,
							"median": 2.3613125000001673
						},
						{
							"id": "977659017_2",
							"name": "transaction • entity+version+file+plugin",
							"rank": 10,
							"rme": 2.038838068740487,
							"samples": [],
							"totalTime": 500.1907070000052,
							"min": 2.2996249999996508,
							"max": 4.600292000000991,
							"hz": 403.84596749415,
							"period": 2.476191618811907,
							"mean": 2.476191618811907,
							"variance": 0.1340211047126879,
							"sd": 0.36608893006029003,
							"sem": 0.02575792723433596,
							"df": 201,
							"critical": 1.96,
							"moe": 0.05048553737929848,
							"p75": 2.4474999999983993,
							"p99": 4.550999999999476,
							"p995": 4.564249999999447,
							"p999": 4.600292000000991,
							"sampleCount": 202,
							"median": 2.3874375000004875
						},
						{
							"id": "977659017_3",
							"name": "untracked • entity+version",
							"rank": 1,
							"rme": 1.875074462455828,
							"samples": [],
							"totalTime": 500.0144110000074,
							"min": 0.977708000000348,
							"max": 2.6079589999990276,
							"hz": 899.9740609476022,
							"period": 1.1111431355555719,
							"mean": 1.1111431355555719,
							"variance": 0.05084841549613011,
							"sd": 0.22549593232723758,
							"sem": 0.010629980191904833,
							"df": 449,
							"critical": 1.96,
							"moe": 0.020834761176133473,
							"p75": 1.0955419999991136,
							"p99": 2.189458000000741,
							"p995": 2.3650830000005953,
							"p999": 2.6079589999990276,
							"sampleCount": 450,
							"median": 1.0406459999994695
						},
						{
							"id": "977659017_4",
							"name": "untracked • entity+version+file",
							"rank": 3,
							"rme": 4.339147425272192,
							"samples": [],
							"totalTime": 500.18601799999306,
							"min": 0.9897080000009737,
							"max": 7.335624999999709,
							"hz": 857.6809118243004,
							"period": 1.1659347738927577,
							"mean": 1.1659347738927577,
							"variance": 0.28582648706043123,
							"sd": 0.5346274282717183,
							"sem": 0.025812055470265688,
							"df": 428,
							"critical": 1.96,
							"moe": 0.050591628721720745,
							"p75": 1.1010420000002341,
							"p99": 3.222583000000668,
							"p995": 3.6427089999997406,
							"p999": 7.335624999999709,
							"sampleCount": 429,
							"median": 1.059291999999914
						},
						{
							"id": "977659017_5",
							"name": "untracked • entity+version+file+plugin",
							"rank": 2,
							"rme": 3.191720197962488,
							"samples": [],
							"totalTime": 500.13845800002673,
							"min": 1.011332999998558,
							"max": 4.012541000000056,
							"hz": 865.7602571325897,
							"period": 1.1550541755196921,
							"mean": 1.1550541755196921,
							"variance": 0.15318988366774403,
							"sd": 0.3913947925915009,
							"sem": 0.018809233376260767,
							"df": 432,
							"critical": 1.96,
							"moe": 0.0368660974174711,
							"p75": 1.112250000000131,
							"p99": 3.4452500000006694,
							"p995": 3.4981250000000728,
							"p999": 4.012541000000056,
							"sampleCount": 433,
							"median": 1.0710409999992407
						},
						{
							"id": "977659017_6",
							"name": "cache • entity+version",
							"rank": 11,
							"rme": 1.6679539723992443,
							"samples": [],
							"totalTime": 500.89350299999023,
							"min": 2.3094579999997222,
							"max": 4.692250000000058,
							"hz": 403.2793374043902,
							"period": 2.4796708069306446,
							"mean": 2.4796708069306446,
							"variance": 0.08994880728156487,
							"sd": 0.2999146666663117,
							"sem": 0.021101922309502082,
							"df": 201,
							"critical": 1.96,
							"moe": 0.04135976772662408,
							"p75": 2.470208000000639,
							"p99": 3.8602499999997235,
							"p995": 4.500165999999808,
							"p999": 4.692250000000058,
							"sampleCount": 202,
							"median": 2.4015625000010914
						},
						{
							"id": "977659017_7",
							"name": "cache • entity+version+file",
							"rank": 8,
							"rme": 2.083409443341732,
							"samples": [],
							"totalTime": 500.27540500000214,
							"min": 2.253083000001425,
							"max": 5.056791999999405,
							"hz": 407.77539323565014,
							"period": 2.452330416666677,
							"mean": 2.452330416666677,
							"variance": 0.13861979459095625,
							"sd": 0.3723167933238524,
							"sem": 0.02606738953202816,
							"df": 203,
							"critical": 1.96,
							"moe": 0.05109208348277519,
							"p75": 2.4325000000008004,
							"p99": 4.829833000001599,
							"p995": 4.869582999999693,
							"p999": 5.056791999999405,
							"sampleCount": 204,
							"median": 2.36895850000019
						},
						{
							"id": "977659017_8",
							"name": "cache • entity+version+file+plugin",
							"rank": 7,
							"rme": 1.916194982612824,
							"samples": [],
							"totalTime": 500.7765359999885,
							"min": 2.284708999999566,
							"max": 4.923541999998633,
							"hz": 409.36422787988755,
							"period": 2.442812370731651,
							"mean": 2.442812370731651,
							"variance": 0.11692337343604976,
							"sd": 0.34194059928012316,
							"sem": 0.023882167389084323,
							"df": 204,
							"critical": 1.96,
							"moe": 0.046809048082605276,
							"p75": 2.42766599999959,
							"p99": 3.74395800000093,
							"p995": 4.861832999999024,
							"p999": 4.923541999998633,
							"sampleCount": 205,
							"median": 2.3492499999993015
						},
						{
							"id": "977659017_9",
							"name": "(inherited) untracked • entity+version",
							"rank": 4,
							"rme": 2.9063166351149663,
							"samples": [],
							"totalTime": 500.8843319999796,
							"min": 1.121500000001106,
							"max": 4.226082999999562,
							"hz": 784.6122844984817,
							"period": 1.2745148396946047,
							"mean": 1.2745148396946047,
							"variance": 0.14036410347011397,
							"sd": 0.37465197646631193,
							"sem": 0.018898692246455684,
							"df": 392,
							"critical": 1.96,
							"moe": 0.03704143680305314,
							"p75": 1.245082999999795,
							"p99": 3.85504199999923,
							"p995": 4.0821670000004815,
							"p999": 4.226082999999562,
							"sampleCount": 393,
							"median": 1.1945830000004207
						},
						{
							"id": "977659017_10",
							"name": "(inherited) untracked • entity+version+file",
							"rank": 5,