{
  "files": [
    {
      "filepath": "/Users/samuel/git-repos/monorepo-2/packages/lix/sdk/src/state/vtable/vtable.select.bench.ts",
      "groups": [
        {
          "fullName": "src/state/vtable/vtable.select.bench.ts",
          "benchmarks": [
            {
              "id": "977659017_0",
              "name": "transaction • entity+version",
              "rank": 9,
              "rme": 1.8989758985436063,
              "samples": [],
              "totalTime": 502.0022979999885,
              "min": 1.963791999998648,
              "max": 4.443750000000364,
              "hz": 464.1413016001877,
              "period": 2.1545163004291354,
              "mean": 2.1545163004291354,
              "variance": 0.101527163349167,
              "sd": 0.3186332740772172,
              "sem": 0.02087435983435849,
              "df": 232,
              "critical": 1.96,
              "moe": 0.04091374527534264,
              "p75": 2.1563329999989946,
              "p99": 4.172957999999198,
              "p995": 4.437958000000435,
              "p999": 4.443750000000364,
              "sampleCount": 233,
              "median": 2.0898340000003373
            },
            {
              "id": "977659017_1",
              "name": "transaction • entity+version+file",
              "rank": 7,
              "rme": 1.6128811953300695,
              "samples": [],
              "totalTime": 500.787139,
              "min": 1.9127499999995052,
              "max": 4.078333999999813,
              "hz": 477.2486779058437,
              "period": 2.095343677824268,
              "mean": 2.095343677824268,
              "variance": 0.07105604768141544,
              "sd": 0.26656340274204077,
              "sem": 0.017242553141410762,
              "df": 238,
              "critical": 1.96,
              "moe": 0.033795404157165095,
              "p75": 2.1055840000008175,
              "p99": 3.739292000000205,
              "p995": 3.7865420000016456,
              "p999": 4.078333999999813,
              "sampleCount": 239,
              "median": 2.028415999999197
            },
            {
              "id": "977659017_2",
              "name": "transaction • entity+version+file+plugin",
              "rank": 10,
              "rme": 2.088329131578861,
              "samples": [],
              "totalTime": 501.6106640000053,
              "min": 1.9449160000003758,
              "max": 4.326457999999548,
              "hz": 460.5165252228321,
              "period": 2.171474735930759,
              "mean": 2.171474735930759,
              "variance": 0.12365375029741008,
              "sd": 0.3516443520055598,
              "sem": 0.02313649974250877,
              "df": 230,
              "critical": 1.96,
              "moe": 0.04534753949531719,
              "p75": 2.1833330000008573,
              "p99": 4.169459000000643,
              "p995": 4.1751660000009,
              "p999": 4.326457999999548,
              "sampleCount": 231,
              "median": 2.087792000000263
            },
            {
              "id": "977659017_3",
              "name": "untracked • entity+version",
              "rank": 2,
              "rme": 2.835585203760423,
              "samples": [],
              "totalTime": 500.5804989999924,
              "min": 0.6434580000004644,
              "max": 2.861165999998775,
              "hz": 1330.4553440065392,
              "period": 0.7516223708708595,
              "mean": 0.7516223708708595,
              "variance": 0.07874933316042385,
              "sd": 0.2806231158697085,
              "sem": 0.010873924865595604,
              "df": 665,
              "critical": 1.96,
              "moe": 0.021312892736567383,
              "p75": 0.7307920000002923,
              "p99": 2.6512910000001284,
              "p995": 2.703291999998328,
              "p999": 2.861165999998775,
              "sampleCount": 666,
              "median": 0.6914585000004081
            },
            {
              "id": "977659017_4",
              "name": "untracked • entity+version+file",
              "rank": 1,
              "rme": 2.9846443986940683,
              "samples": [],
              "totalTime": 500.1228790000059,
              "min": 0.642667000000074,
              "max": 3.199000000000524,
              "hz": 1345.6692910063648,
              "period": 0.74312463447252,
              "mean": 0.74312463447252,
              "variance": 0.08618098002822101,
              "sd": 0.29356597219061514,
              "sem": 0.011316136621479508,
              "df": 672,
              "critical": 1.96,
              "moe": 0.022179627778099835,
              "p75": 0.7146249999987049,
              "p99": 2.6740829999998823,
              "p995": 2.764208000000508,
              "p999": 3.199000000000524,
              "sampleCount": 673,
              "median": 0.6852080000007845
            },
            {
              "id": "977659017_5",
              "name": "untracked • entity+version+file+plugin",
              "rank": 3,
              "rme": 2.8726329084345,
              "samples": [],
              "totalTime": 500.4536360000293,
              "min": 0.6601250000003347,
              "max": 3.1781670000000304,
              "hz": 1304.81617681755,
              "period": 0.7663914793262316,
              "mean": 0.7663914793262316,
              "variance": 0.08238774888607797,
              "sd": 0.28703266170608177,
              "sem": 0.011232456042124141,
              "df": 652,
              "critical": 1.96,
              "moe": 0.022015613842563318,
              "p75": 0.7368329999990237,
              "p99": 2.678875000001426,
              "p995": 2.7327079999995476,
              "p999": 3.1781670000000304,
              "sampleCount": 653,
              "median": 0.7063340000004246
            },
            {
              "id": "977659017_6",
              "name": "cache • entity+version",
              "rank": 12,
              "rme": 2.047129009413849,
              "samples": [],
              "totalTime": 501.03441499999644,
              "min": 1.9551659999997355,
              "max": 4.764999999999418,
              "hz": 449.0709485495155,
              "period": 2.2268196222222065,
              "mean": 2.2268196222222065,
              "variance": 0.12171129400322656,
              "sd": 0.3488714577078878,
              "sem": 0.023258097180525853,
              "df": 224,
              "critical": 1.96,
              "moe": 0.04558587047383067,
              "p75": 2.236750000000029,
              "p99": 4.341082999999344,
              "p995": 4.497416999998677,
              "p999": 4.764999999999418,
              "sampleCount": 225,
              "median": 2.151583999999275
            },
            {
              "id": "977659017_7",
              "name": "cache • entity+version+file",
              "rank": 8,
              "rme": 2.081189023373695,
              "samples": [],
              "totalTime": 501.9424170000093,
              "min": 1.911416000000827,
              "max": 4.31383299999834,
              "hz": 474.1579749774277,
              "period": 2.1090017521008795,
              "mean": 2.1090017521008795,
              "variance": 0.11935531100511011,
              "sd": 0.34547837993875985,
              "sem": 0.02239403722830735,
              "df": 237,
              "critical": 1.96,
              "moe": 0.04389231296748241,
              "p75": 2.111000000000786,
              "p99": 4.078292000000147,
              "p995": 4.253249999999753,
              "p999": 4.31383299999834,
              "sampleCount": 238,
              "median": 2.029979499999172
            },
            {
              "id": "977659017_8",
              "name": "cache • entity+version+file+plugin",
              "rank": 11,
              "rme": 2.3380715725276695,
              "samples": [],
              "totalTime": 500.237500000012,