{
	"files": [
		{
			"filepath": "/Users/samuel/git-repos/monorepo-2/packages/lix/sdk/src/state/vtable/vtable.select.bench.ts",
			"groups": [
				{
					"fullName": "src/state/vtable/vtable.select.bench.ts",
					"benchmarks": [
						{
							"id": "977659017_0",
							"name": "transaction • entity+version",
							"rank": 3,
							"rme": 0.8864433772873803,
							"samples": [],
							"totalTime": 500.26058599999305,
							"min": 1.8325420000001031,
							"max": 2.953292000000147,
							"hz": 525.7260063258385,
							"period": 1.9021315057033956,
							"mean": 1.9021315057033956,
							"variance": 0.01946375741678373,
							"sd": 0.13951257081992194,
							"sem": 0.00860271365285943,
							"df": 262,
							"critical": 1.96,
							"moe": 0.01686131875960448,
							"p75": 1.906833999999435,
							"p99": 2.762166000000434,
							"p995": 2.831666000000041,
							"p999": 2.953292000000147,
							"sampleCount": 263,
							"median": 1.8613750000004075
						},
						{
							"id": "977659017_1",
							"name": "transaction • entity+version+file",
							"rank": 5,
							"rme": 0.7151075935668157,
							"samples": [],
							"totalTime": 501.06125799999063,
							"min": 1.8452909999996336,
							"max": 2.699000000000524,
							"hz": 524.8859212340159,
							"period": 1.9051758859315233,
							"mean": 1.9051758859315233,
							"variance": 0.012707395213711972,
							"sd": 0.11272708287590863,
							"sem": 0.006951049709744989,
							"df": 262,
							"critical": 1.96,
							"moe": 0.013624057431100178,
							"p75": 1.9006669999998849,
							"p99": 2.5234999999993306,
							"p995": 2.529207999999926,
							"p999": 2.699000000000524,
							"sampleCount": 263,
							"median": 1.8709170000001905
						},
						{
							"id": "977659017_2",
							"name": "transaction • entity+version+file+plugin",
							"rank": 8,
							"rme": 0.7989385534788985,
							"samples": [],
							"totalTime": 501.26191599998856,
							"min": 1.8367079999989073,
							"max": 2.803125000000364,
							"hz": 520.6858763233989,
							"period": 1.9205437394635576,
							"mean": 1.9205437394635576,
							"variance": 0.015995710204974638,
							"sd": 0.12647414836627538,
							"sem": 0.007828553250510047,
							"df": 260,
							"critical": 1.96,
							"moe": 0.015343964370999693,
							"p75": 1.9237920000014128,
							"p99": 2.609042000000045,
							"p995": 2.687832999999955,
							"p999": 2.803125000000364,
							"sampleCount": 261,
							"median": 1.884541999999783
						},
						{
							"id": "977659017_3",
							"name": "untracked • entity+version",
							"rank": 7,
							"rme": 1.068019563084278,
							"samples": [],
							"totalTime": 500.8884159999943,
							"min": 1.814291000000594,
							"max": 3.2595000000001164,
							"hz": 521.074138795821,
							"period": 1.9191127049808212,
							"mean": 1.9191127049808212,
							"variance": 0.02854221948018127,
							"sd": 0.16894442719480648,
							"sem": 0.010457397513689303,
							"df": 260,
							"critical": 1.96,
							"moe": 0.020496499126831033,
							"p75": 1.9142919999994774,
							"p99": 2.6917089999988093,
							"p995": 2.7287500000002183,
							"p999": 3.2595000000001164,
							"sampleCount": 261,
							"median": 1.8605420000003505
						},
						{
							"id": "977659017_4",
							"name": "untracked • entity+version+file",
							"rank": 2,
							"rme": 0.7177074432502295,
							"samples": [],
							"totalTime": 501.3172470000027,
							"min": 1.8062079999999696,
							"max": 2.688000000000102,
							"hz": 532.5968767238494,
							"period": 1.8775926853932685,
							"mean": 1.8775926853932685,
							"variance": 0.012621087817858527,
							"sd": 0.11234361494031837,
							"sem": 0.006875317580096609,
							"df": 266,
							"critical": 1.96,
							"moe": 0.013475622456989354,
							"p75": 1.8685420000001614,
							"p99": 2.6388330000008864,
							"p995": 2.677332999999635,
							"p999": 2.688000000000102,
							"sampleCount": 267,
							"median": 1.8509159999994154
						},
						{
							"id": "977659017_5",
							"name": "untracked • entity+version+file+plugin",
							"rank": 9,
							"rme": 0.8835760950358994,
							"samples": [],
							"totalTime": 500.17679199999657,
							"min": 1.847749999998996,
							"max": 3.0232909999995172,
							"hz": 515.8176151443703,
							"period": 1.9386697364340952,
							"mean": 1.9386697364340952,
							"variance": 0.019706211522080023,
							"sd": 0.14037881436342176,
							"sem": 0.008739603241238339,
							"df": 257,
							"critical": 1.96,
							"moe": 0.017129622352827143,
							"p75": 1.9472079999995913,
							"p99": 2.781874999998763,
							"p995": 2.949416999999812,
							"p999": 3.0232909999995172,
							"sampleCount": 258,
							"median": 1.9032710000001316
						},
						{
							"id": "977659017_6",
							"name": "cache • entity+version",
							"rank": 10,
							"rme": 1.079619065877264,
							"samples": [],
							"totalTime": 501.5287440000011,
							"min": 1.7214579999999842,
							"max": 3.1559160000015254,
							"hz": 514.4271451767466,
							"period": 1.9439098604651206,
							"mean": 1.9439098604651206,
							"variance": 0.029580185946757483,
							"sd": 0.17198891227854626,
							"sem": 0.01070756197808651,
							"df": 257,
							"critical": 1.96,
							"moe": 0.02098682147704956,
							"p75": 2.004332999998951,
							"p99": 2.6136249999999563,
							"p995": 2.836874999999054,
							"p999": 3.1559160000015254,
							"sampleCount": 258,
							"median": 1.8732084999992367
						},
						{
							"id": "977659017_7",
							"name": "cache • entity+version+file",
							"rank": 15,
							"rme": 3.657032437191864,
							"samples": [],
							"totalTime": 500.5090789999922,
							"min": 1.793083000000479,
							"max": 10.492541000001438,
							"hz": 487.5036442645705,
							"period": 2.0512667172130827,
							"mean": 2.0512667172130827,
							"variance": 0.3574205966413727,
							"sd": 0.5978466330434359,
							"sem": 0.03827320878663426,
							"df": 243,
							"critical": 1.96,
							"moe": 0.07501548922180315,
							"p75": 2.0707500000007713,
							"p99": 3.3157499999997526,
							"p995": 4.010750000001281,
							"p999": 10.492541000001438,
							"sampleCount": 244,
							"median": 1.9394585000000006
						},
						{
							"id": "977659017_8",
							"name": "cache • entity+version+file+plugin",
							"rank": 12,
							"rme": 1.1269560077400615,
							"samples": [],
							"totalTime": 500.9189950000109,
							"min": 1.7858329999999114,
							"max": 2.9607919999998558,
							"hz": 507.0680140608253,
							"period": 1.972122027559098,
							"mean": 1.972122027559098,
							"variance": 0.03265901393277014,
							"sd": 0.18071805093230212,
							"sem": 0.011339259015072637,
							"df": 253,
							"critical": 1.96,
							"moe": 0.022224947669542368,
							"p75": 2.023624999999811,
							"p99": 2.6902499999996508,
							"p995": 2.856166999999914,
							"p999": 2.9607919999998558,
							"sampleCount": 254,
							"median": 1.9035619999995106
						},
						{
							"id": "977659017_9",
							"name": "(inherited) untracked • entity+version",
							"rank": 6,
							"rme": 0.9045679253748018,
							"samples": [],
							"totalTime": 501.05650400000377,
							"min": 1.7742089999992459,
							"max": 2.8918329999996786,
							"hz": 522.8951184315891,
							"period": 1.912429404580167,
							"mean": 1.912429404580167,
							"variance": 0.02040996886726836,
							"sd": 0.14286346232423586,
							"sem": 0.00882613417819821,
							"df": 261,
							"critical": 1.96,
							"moe": 0.017299222989268493,
							"p75": 1.9329999999990832,
							"p99": 2.813916999999492,
							"p995": 2.8476249999985157,
							"p999": 2.8918329999996786,
							"sampleCount": 262,
							"median": 1.8766045000002123
						},
						{
							"id": "977659017_10",