{
  "files": [
    {
      "filepath": "/Users/samuel/git-repos/monorepo-2/packages/lix/sdk/src/state/vtable/vtable.select.bench.ts",
      "groups": [
        {
          "fullName": "src/state/vtable/vtable.select.bench.ts",
          "benchmarks": [
            {
              "id": "977659017_0",
              "name": "transaction • entity+version",
              "rank": 10,
              "rme": 0.9243246664564733,
              "samples": [],
              "totalTime": 501.1352009999773,
              "min": 1.7935830000005808,
              "max": 2.7883750000000873,
              "hz": 526.8039432736076,
              "period": 1.8982393977271868,
              "mean": 1.8982393977271868,
              "variance": 0.021156451922659834,
              "sd": 0.14545257619808538,
              "sem": 0.008951987235503667,
              "df": 263,
              "critical": 1.96,
              "moe": 0.017545894981587186,
              "p75": 1.920125000000553,
              "p99": 2.7041669999998703,
              "p995": 2.760041999999885,
              "p999": 2.7883750000000873,
              "sampleCount": 264,
              "median": 1.851812500000051
            },
            {
              "id": "977659017_1",
              "name": "transaction • entity+version+file",
              "rank": 2,
              "rme": 1.0551441480888446,
              "samples": [],
              "totalTime": 501.1480849999989,
              "min": 1.7349169999997684,
              "max": 2.987209000000803,
              "hz": 538.7629087717667,
              "period": 1.8561040185185145,
              "mean": 1.8561040185185145,
              "variance": 0.02695751358554833,
              "sd": 0.16418743431075453,
              "sem": 0.009992129047877548,
              "df": 269,
              "critical": 1.96,
              "moe": 0.019584572933839993,
              "p75": 1.8945830000011483,
              "p99": 2.582875000000058,
              "p995": 2.88470899999993,
              "p999": 2.987209000000803,
              "sampleCount": 270,
              "median": 1.7995210000008228
            },
            {
              "id": "977659017_2",
              "name": "transaction • entity+version+file+plugin",
              "rank": 6,
              "rme": 1.1375322771860747,
              "samples": [],
              "totalTime": 500.9228779999976,
              "min": 1.7387500000004366,
              "max": 3.129000000000815,
              "hz": 531.0198668945627,
              "period": 1.8831687142857052,
              "mean": 1.8831687142857052,
              "variance": 0.031774257581239584,
              "sd": 0.17825335223002003,
              "sem": 0.010929414264729544,
              "df": 265,
              "critical": 1.96,
              "moe": 0.021421651958869907,
              "p75": 1.9277079999992566,
              "p99": 2.762791000001016,
              "p995": 2.905958000001192,
              "p999": 3.129000000000815,
              "sampleCount": 266,
              "median": 1.8238750000000437
            },
            {
              "id": "977659017_3",
              "name": "untracked • entity+version",
              "rank": 4,
              "rme": 0.9092573699290462,
              "samples": [],
              "totalTime": 500.5472050000044,
              "min": 1.7819580000013957,
              "max": 2.9745829999992566,
              "hz": 533.4162239503418,
              "period": 1.874708632958818,
              "mean": 1.874708632958818,
              "variance": 0.020194836295974433,
              "sd": 0.14210853702707107,
              "sem": 0.008696901229527614,
              "df": 266,
              "critical": 1.96,
              "moe": 0.017045926409874124,
              "p75": 1.9072919999998703,
              "p99": 2.6762499999986176,
              "p995": 2.815333999998984,
              "p999": 2.9745829999992566,
              "sampleCount": 267,
              "median": 1.831000000000131
            },
            {
              "id": "977659017_4",
              "name": "untracked • entity+version+file",
              "rank": 3,
              "rme": 1.1451833676902126,
              "samples": [],
              "totalTime": 500.4867840000097,
              "min": 1.728917000000365,
              "max": 2.8235830000012356,
              "hz": 535.4786750972326,
              "period": 1.8674880000000362,
              "mean": 1.8674880000000362,
              "variance": 0.03190717502494715,
              "sd": 0.17862579607925377,
              "sem": 0.010911307127352558,
              "df": 267,
              "critical": 1.96,
              "moe": 0.021386161969611014,
              "p75": 1.8931250000005093,
              "p99": 2.6839170000002923,
              "p995": 2.733750000001237,
              "p999": 2.8235830000012356,
              "sampleCount": 268,
              "median": 1.8136254999999437
            },
            {
              "id": "977659017_5",
              "name": "untracked • entity+version+file+plugin",
              "rank": 11,
              "rme": 1.1792824702981368,
              "samples": [],
              "totalTime": 500.5067730000046,
              "min": 1.7395830000004935,
              "max": 2.8913750000010623,
              "hz": 521.4714646828517,
              "period": 1.9176504712643856,
              "mean": 1.9176504712643856,
              "variance": 0.03474585104424834,
              "sd": 0.18640239012482737,
              "sem": 0.011538018290413525,
              "df": 260,
              "critical": 1.96,
              "moe": 0.02261451584921051,
              "p75": 1.960917000000336,
              "p99": 2.8367920000000595,
              "p995": 2.8768749999999272,
              "p999": 2.8913750000010623,
              "sampleCount": 261,
              "median": 1.8655420000013692
            },
            {
              "id": "977659017_6",
              "name": "cache • entity+version",
              "rank": 8,
              "rme": 0.9056159401652848,
              "samples": [],
              "totalTime": 500.8551469999802,
              "min": 1.7794159999994008,
              "max": 2.7317910000001575,
              "hz": 529.0950918390192,
              "period": 1.8900194226414346,
              "mean": 1.8900194226414346,
              "variance": 0.020209444765322257,
              "sd": 0.14215992672100763,
              "sem": 0.008732814879418732,
              "df": 264,
              "critical": 1.96,
              "moe": 0.017116317163660716,
              "p75": 1.9189580000002024,
              "p99": 2.6079160000008414,
              "p995": 2.6158329999998386,
              "p999": 2.7317910000001575,
              "sampleCount": 265,
              "median": 1.8357919999998558
            },
            {
              "id": "977659017_7",
              "name": "cache • entity+version+file",
              "rank": 7,
              "rme": 1.325108221993932,
              "samples": [],
              "totalTime": 501.6926809999877,
              "min": 1.729416999998648,
              "max": 3.3286669999997684,
              "hz": 530.2050639243959,
              "period": 1.8860627105262695,
              "mean": 1.8860627105262695,
              "variance": 0.04324983437396136,
              "sd": 0.20796594522652348,
              "sem": 0.01275121022915572,
              "df": 265,
              "critical": 1.96,
              "moe": 0.02499237204914521,
              "p75": 1.9116250000006403,
              "p99": 2.7350839999999152,
              "p995": 3.2887080000000424,
              "p999": 3.3286669999997684,
              "sampleCount": 266,
              "median": 1.8270834999993895
            },
            {
              "id": "977659017_8",
              "name": "cache • entity+version+file+plugin",
              "rank": 5,
              "rme": 1.2262325534495786,
              "samples": [],