{
	"files": [
		{
			"filepath": "/Users/samuel/git-repos/monorepo-2/packages/lix/sdk/src/state/vtable/vtable.select.bench.ts",
			"groups": [
				{
					"fullName": "src/state/vtable/vtable.select.bench.ts",
					"benchmarks": [
						{
							"id": "977659017_0",
							"name": "transaction • entity+version",
							"rank": 15,
							"rme": 1.5404884986724778,
							"samples": [],
							"totalTime": 501.04471599999124,
							"min": 1.230833999999959,
							"max": 3.37579199999891,
							"hz": 710.5154263317413,
							"period": 1.4074289775280653,
							"mean": 1.4074289775280653,
							"variance": 0.043561994174825244,
							"sd": 0.20871510289105877,
							"sem": 0.01106187832949158,
							"df": 355,
							"critical": 1.96,
							"moe": 0.021681281525803498,
							"p75": 1.437540999999328,
							"p99": 2.4431670000012673,
							"p995": 2.6102499999997235,
							"p999": 3.37579199999891,
							"sampleCount": 356,
							"median": 1.3540834999994331
						},
						{
							"id": "977659017_1",
							"name": "transaction • entity+version+file",
							"rank": 12,
							"rme": 1.2364381254644417,
							"samples": [],
							"totalTime": 500.76225499997963,
							"min": 1.1722919999992882,
							"max": 2.4331660000007105,
							"hz": 744.8644467023881,
							"period": 1.3425261528149588,
							"mean": 1.3425261528149588,
							"variance": 0.026753892299561242,
							"sd": 0.1635661710121052,
							"sem": 0.008469135304966919,
							"df": 372,
							"critical": 1.96,
							"moe": 0.016599505197735162,
							"p75": 1.3823339999999007,
							"p99": 2.1789589999989403,
							"p995": 2.224999999998545,
							"p999": 2.4331660000007105,
							"sampleCount": 373,
							"median": 1.3050830000011047
						},
						{
							"id": "977659017_2",
							"name": "transaction • entity+version+file+plugin",
							"rank": 8,
							"rme": 1.1431949434746458,
							"samples": [],
							"totalTime": 500.2711619999718,
							"min": 1.1834170000001905,
							"max": 2.671542000000045,
							"hz": 765.5848049862637,
							"period": 1.306191023498621,
							"mean": 1.306191023498621,
							"variance": 0.022230058758004215,
							"sd": 0.1490974807231974,
							"sem": 0.00761852537385508,
							"df": 382,
							"critical": 1.96,
							"moe": 0.014932309732755956,
							"p75": 1.3294999999998254,
							"p99": 2.0233749999988504,
							"p995": 2.36920900000041,
							"p999": 2.671542000000045,
							"sampleCount": 383,
							"median": 1.2594170000011218
						},
						{
							"id": "977659017_3",
							"name": "untracked • entity+version",
							"rank": 1,
							"rme": 1.116292004043056,
							"samples": [],
							"totalTime": 500.5487090000224,
							"min": 0.57233400000041,
							"max": 1.3870829999996204,
							"hz": 1604.2394787196704,
							"period": 0.6233483300124812,
							"mean": 0.6233483300124812,
							"variance": 0.01012093489152326,
							"sd": 0.1006028572731573,
							"sem": 0.0035501977373802295,
							"df": 802,
							"critical": 1.96,
							"moe": 0.0069583875652652494,
							"p75": 0.6149580000001151,
							"p99": 1.2626249999993888,
							"p995": 1.302416999998968,
							"p999": 1.3870829999996204,
							"sampleCount": 803,
							"median": 0.5964160000003176
						},
						{
							"id": "977659017_4",
							"name": "untracked • entity+version+file",
							"rank": 2,
							"rme": 1.238901678568411,
							"samples": [],
							"totalTime": 500.57103100002314,
							"min": 0.5862080000006245,
							"max": 1.6437079999996058,
							"hz": 1556.2226971939251,
							"period": 0.6425815545571543,
							"mean": 0.6425815545571543,
							"variance": 0.01285154991769791,
							"sd": 0.11336467667531147,
							"sem": 0.0040617110538671295,
							"df": 778,
							"critical": 1.96,
							"moe": 0.007960953665579574,
							"p75": 0.6358330000002752,
							"p99": 1.3844580000004498,
							"p995": 1.4546669999999722,
							"p999": 1.6437079999996058,
							"sampleCount": 779,
							"median": 0.6162499999991269
						},
						{
							"id": "977659017_5",
							"name": "untracked • entity+version+file+plugin",
							"rank": 5,
							"rme": 1.4509848637671674,
							"samples": [],
							"totalTime": 500.3575190000065,
							"min": 0.5962500000005093,
							"max": 1.7810420000005251,
							"hz": 1460.9553614002762,
							"period": 0.6844836101231279,
							"mean": 0.6844836101231279,
							"variance": 0.018769690231912148,
							"sd": 0.1370025190714103,
							"sem": 0.005067221213190641,
							"df": 730,
							"critical": 1.96,
							"moe": 0.009931753577853655,
							"p75": 0.6904999999987922,
							"p99": 1.4814580000002024,
							"p995": 1.6016249999993306,
							"p999": 1.7810420000005251,
							"sampleCount": 731,
							"median": 0.6402920000000449
						},
						{
							"id": "977659017_6",
							"name": "cache • entity+version",
							"rank": 14,
							"rme": 1.2740350572415744,
							"samples": [],
							"totalTime": 501.2056670000111,
							"min": 1.22912499999984,
							"max": 2.69695800000045,
							"hz": 722.2583937782811,
							"period": 1.3845460414364947,
							"mean": 1.3845460414364947,
							"variance": 0.029320676706924623,
							"sd": 0.17123281434037294,
							"sem": 0.008999796914056836,
							"df": 361,
							"critical": 1.96,
							"moe": 0.017639601951551398,
							"p75": 1.4124159999992116,
							"p99": 2.3682079999998678,
							"p995": 2.566832999998951,
							"p999": 2.69695800000045,
							"sampleCount": 362,
							"median": 1.3325420000001031
						},
						{
							"id": "977659017_7",
							"name": "cache • entity+version+file",
							"rank": 9,
							"rme": 1.1082597671552947,
							"samples": [],
							"totalTime": 500.68775800000367,
							"min": 1.17620800000077,
							"max": 2.4464590000006865,
							"hz": 764.9478020590973,
							"period": 1.3072787415143698,
							"mean": 1.3072787415143698,
							"variance": 0.020926960952155484,
							"sd": 0.14466153929830652,
							"sem": 0.00739185935549889,
							"df": 382,
							"critical": 1.96,
							"moe": 0.014488044336777823,
							"p75": 1.3271670000012818,
							"p99": 2.026332999999795,
							"p995": 2.170250000001033,
							"p999": 2.4464590000006865,
							"sampleCount": 383,
							"median": 1.2705000000005384
						},
						{
							"id": "977659017_8",
							"name": "cache • entity+version+file+plugin",
							"rank": 7,
							"rme": 0.9926460850497844,
							"samples": [],
							"totalTime": 500.7596199999971,
							"min": 1.167583000000377,
							"max": 2.1900839999998425,
							"hz": 806.7743161878794,
							"period": 1.2395040099009829,
							"mean": 1.2395040099009829,
							"variance": 0.01592039954388806,
							"sd": 0.12617606565386347,
							"sem": 0.006277493891998571,
							"df": 403,
							"critical": 1.96,
							"moe": 0.012303888028317198,
							"p75": 1.2330829999991693,
							"p99": 2.0702500000006694,
							"p995": 2.0825409999997646,
							"p999": 2.1900839999998425,
							"sampleCount": 404,
							"median": 1.2071664999994027
						},
						{
							"id": "977659017_9",
							"name": "(inherited) untracked • entity+version",
							"rank": 4,
							"rme": 1.3460580828913458,
							"samples": [],
							"totalTime": 500.63109199997234,
							"min": 0.6082080000014685,
							"max": 1.8402079999996204,
							"hz": 1504.1015470929674,
							"period": 0.6648487277556073,
							"mean": 0.6648487277556073,
							"variance": 0.01569842628685347,
							"sd": 0.1252933609049317,
							"sem": 0.004565943897425832,
							"df": 752,
							"critical": 1.96,
							"moe": 0.00894925003895463,
							"p75": 0.6547090000003664,
							"p99": 1.4323330000006536,
							"p995": 1.5818749999998545,
							"p999": 1.8402079999996204,
							"sampleCount": 753,
							"median": 0.6342080000013084
						},
						{
							"id": "977659017_10",