{
	"files": [
		{
			"filepath": "/Users/samuel/git-repos/monorepo-2/packages/lix/sdk/src/state/vtable/vtable.select.bench.ts",
			"groups": [
				{
					"fullName": "src/state/vtable/vtable.select.bench.ts",
					"benchmarks": [
						{
							"id": "977659017_0",
							"name": "transaction • entity+version",
							"rank": 11,
							"rme": 0.8818706420141474,
							"samples": [],
							"totalTime": 501.4780000000028,
							"min": 1.7880420000001322,
							"max": 3.163416999999754,
							"hz": 526.4438320325089,
							"period": 1.8995378787878894,
							"mean": 1.8995378787878894,
							"variance": 0.019284015440549494,
							"sd": 0.13886689828951138,
							"sem": 0.008546666779065652,
							"df": 263,
							"critical": 1.96,
							"moe": 0.01675146688696868,
							"p75": 1.8945000000003347,
							"p99": 2.6135420000009617,
							"p995": 2.718666000000667,
							"p999": 3.163416999999754,
							"sampleCount": 264,
							"median": 1.8630000000002838
						},
						{
							"id": "977659017_1",
							"name": "transaction • entity+version+file",
							"rank": 12,
							"rme": 1.090087184048605,
							"samples": [],
							"totalTime": 500.5975030000136,
							"min": 1.6840419999989535,
							"max": 3.1225410000006377,
							"hz": 525.3721770961228,
							"period": 1.903412558935413,
							"mean": 1.903412558935413,
							"variance": 0.02947351510688337,
							"sd": 0.1716785225556283,
							"sem": 0.01058615120639109,
							"df": 262,
							"critical": 1.96,
							"moe": 0.020748856364526537,
							"p75": 1.9505000000008295,
							"p99": 2.8220000000001164,
							"p995": 2.9425000000010186,
							"p999": 3.1225410000006377,
							"sampleCount": 263,
							"median": 1.8599169999997684
						},
						{
							"id": "977659017_2",
							"name": "transaction • entity+version+file+plugin",
							"rank": 14,
							"rme": 1.352489315128293,
							"samples": [],
							"totalTime": 500.88858200000504,
							"min": 1.7097910000011325,
							"max": 3.2269169999999576,
							"hz": 517.0810621512578,
							"period": 1.9339327490347684,
							"mean": 1.9339327490347684,
							"variance": 0.04612517665747023,
							"sd": 0.21476772722518211,
							"sem": 0.013345017241052097,
							"df": 258,
							"critical": 1.96,
							"moe": 0.02615623379246211,
							"p75": 1.996499999999287,
							"p99": 2.875167000000147,
							"p995": 3.020042000000103,
							"p999": 3.2269169999999576,
							"sampleCount": 259,
							"median": 1.8822909999998956
						},
						{
							"id": "977659017_3",
							"name": "untracked • entity+version",
							"rank": 15,
							"rme": 1.188306766349926,
							"samples": [],
							"totalTime": 500.71015899998383,
							"min": 1.7689170000012382,
							"max": 2.9950840000001335,
							"hz": 505.28233839970517,
							"period": 1.9790915375493432,
							"mean": 1.9790915375493432,
							"variance": 0.036424808916497325,
							"sd": 0.19085284623630144,
							"sem": 0.011998815639264098,
							"df": 252,
							"critical": 1.96,
							"moe": 0.023517678652957633,
							"p75": 2.052958000000217,
							"p99": 2.7993750000005093,
							"p995": 2.9133750000000873,
							"p999": 2.9950840000001335,
							"sampleCount": 253,
							"median": 1.94183300000077
						},
						{
							"id": "977659017_4",
							"name": "untracked • entity+version+file",
							"rank": 13,
							"rme": 1.1959318328294755,
							"samples": [],
							"totalTime": 501.18005099998663,
							"min": 1.6800419999999576,
							"max": 2.9375420000014856,
							"hz": 520.770927492497,
							"period": 1.920230080459719,
							"mean": 1.920230080459719,
							"variance": 0.035830078011926246,
							"sd": 0.18928834621266638,
							"sem": 0.01171665448764532,
							"df": 260,
							"critical": 1.96,
							"moe": 0.022964642795784827,
							"p75": 1.9640829999989364,
							"p99": 2.875207999999475,
							"p995": 2.911707999999635,
							"p999": 2.9375420000014856,
							"sampleCount": 261,
							"median": 1.8870420000002923
						},
						{
							"id": "977659017_5",
							"name": "untracked • entity+version+file+plugin",
							"rank": 9,
							"rme": 0.9926647318833701,
							"samples": [],
							"totalTime": 500.0908690000033,
							"min": 1.7221250000002328,
							"max": 2.9723330000015267,
							"hz": 539.901879312254,
							"period": 1.852188403703716,
							"mean": 1.852188403703716,
							"variance": 0.02375894365099718,
							"sd": 0.15413936437846493,
							"sem": 0.00938062298551039,
							"df": 269,
							"critical": 1.96,
							"moe": 0.018386021051600365,
							"p75": 1.8605829999996786,
							"p99": 2.699416999999812,
							"p995": 2.7793750000000728,
							"p999": 2.9723330000015267,
							"sampleCount": 270,
							"median": 1.8020415000000867
						},
						{
							"id": "977659017_6",
							"name": "cache • entity+version",
							"rank": 10,
							"rme": 0.7650617184843801,
							"samples": [],
							"totalTime": 501.35270799999125,
							"min": 1.7387920000001031,
							"max": 2.943667000001369,
							"hz": 534.5538095707358,
							"period": 1.8707190597014598,
							"mean": 1.8707190597014598,
							"variance": 0.014290016712256907,
							"sd": 0.11954085792003045,
							"sem": 0.007302120094983074,
							"df": 267,
							"critical": 1.96,
							"moe": 0.014312155386166824,
							"p75": 1.871291999999812,
							"p99": 2.678750000000946,
							"p995": 2.6911250000011933,
							"p999": 2.943667000001369,
							"sampleCount": 268,
							"median": 1.8447919999989608
						},
						{
							"id": "977659017_7",
							"name": "cache • entity+version+file",
							"rank": 1,
							"rme": 0.6932038434943596,
							"samples": [],
							"totalTime": 500.76837599999635,
							"min": 1.6854999999995925,
							"max": 2.613416000000143,
							"hz": 551.153014502661,
							"period": 1.8143781739130302,
							"mean": 1.8143781739130302,
							"variance": 0.011365132129998515,
							"sd": 0.10660737371307162,
							"sem": 0.0064170098148407665,
							"df": 275,
							"critical": 1.96,
							"moe": 0.012577339237087901,
							"p75": 1.8164580000011483,
							"p99": 2.5333339999997406,
							"p995": 2.55645800000093,
							"p999": 2.613416000000143,
							"sampleCount": 276,
							"median": 1.7914789999995264
						},
						{
							"id": "977659017_8",
							"name": "cache • entity+version+file+plugin",
							"rank": 4,
							"rme": 0.9008415661011367,
							"samples": [],
							"totalTime": 500.62242000002516,
							"min": 1.7342910000006668,
							"max": 2.763542000000598,
							"hz": 543.3236489887655,
							"period": 1.840523602941269,
							"mean": 1.840523602941269,
							"variance": 0.01946419189661267,
							"sd": 0.13951412794628604,
							"sem": 0.008459286555712854,
							"df": 271,
							"critical": 1.96,
							"moe": 0.016580201649197195,
							"p75": 1.8377089999994496,
							"p99": 2.6311249999998836,
							"p995": 2.7233329999999114,
							"p999": 2.763542000000598,
							"sampleCount": 272,
							"median": 1.7965834999995423
						},
						{
							"id": "977659017_9",
							"name": "(inherited) untracked • entity+version",
							"rank": 7,
							"rme": 0.9105608523379244,
							"samples": [],
							"totalTime": 501.2335550000098,
							"min": 1.7097079999984999,
							"max": 2.9213330000002316,
							"hz": 540.6661172155458,
							"period": 1.8495703136531727,
							"mean": 1.8495703136531727,
							"variance": 0.02000860405331449,
							"sd": 0.14145177288855199,
							"sem": 0.008592583271729362,
							"df": 270,
							"critical": 1.96,
							"moe": 0.01684146321258955,
							"p75": 1.8497499999994034,
							"p99": 2.6405420000010054,
							"p995": 2.8814579999998386,
							"p999": 2.9213330000002316,
							"sampleCount": 271,
							"median": 1.8091669999994338
						},
						{
							"id": "977659017_10",