{
  "files": [
    {
      "filepath": "/Users/samuel/git-repos/monorepo-2/packages/lix/sdk/src/state/vtable/vtable.select.bench.ts",
      "groups": [
        {
          "fullName": "src/state/vtable/vtable.select.bench.ts",
          "benchmarks": [
            {
              "id": "977659017_0",
              "name": "transaction • entity+version",
              "rank": 4,
              "rme": 1.4980360559427974,
              "samples": [],
              "totalTime": 500.19670799999767,
              "min": 0.6651669999992009,
              "max": 2.1623749999998836,
              "hz": 1373.4596589948032,
              "period": 0.7280883668122237,
              "mean": 0.7280883668122237,
              "variance": 0.021274399549985352,
              "sd": 0.145857463127484,
              "sem": 0.005564809313251103,
              "df": 686,
              "critical": 1.96,
              "moe": 0.010907026253972163,
              "p75": 0.7210419999992155,
              "p99": 1.5980409999992844,
              "p995": 1.7188750000004802,
              "p999": 2.1623749999998836,
              "sampleCount": 687,
              "median": 0.686082999998689
            },
            {
              "id": "977659017_1",
              "name": "transaction • entity+version+file",
              "rank": 5,
              "rme": 1.2058257907136856,
              "samples": [],
              "totalTime": 500.35053700005665,
              "min": 0.6771660000013071,
              "max": 1.6532919999990554,
              "hz": 1341.0598178291232,
              "period": 0.7456788926975509,
              "mean": 0.7456788926975509,
              "variance": 0.014121577525184524,
              "sd": 0.11883424390799364,
              "sem": 0.004587545104109846,
              "df": 670,
              "critical": 1.96,
              "moe": 0.008991588404055298,
              "p75": 0.7353330000005371,
              "p99": 1.5143329999991693,
              "p995": 1.6208750000005239,
              "p999": 1.6532919999990554,
              "sampleCount": 671,
              "median": 0.717583999999988
            },
            {
              "id": "977659017_2",
              "name": "transaction • entity+version+file+plugin",
              "rank": 11,
              "rme": 1.599724129334712,
              "samples": [],
              "totalTime": 500.59420000001774,
              "min": 0.6937920000000304,
              "max": 2.21691600000122,
              "hz": 1228.5400030603196,
              "period": 0.8139743089431183,
              "mean": 0.8139743089431183,
              "variance": 0.027144044552258526,
              "sd": 0.1647544978210262,
              "sem": 0.006643542564667621,
              "df": 614,
              "critical": 1.96,
              "moe": 0.013021343426748537,
              "p75": 0.8055420000000595,
              "p99": 1.6893329999984417,
              "p995": 2.0214169999999285,
              "p999": 2.21691600000122,
              "sampleCount": 615,
              "median": 0.7692499999993743
            },
            {
              "id": "977659017_3",
              "name": "untracked • entity+version",
              "rank": 2,
              "rme": 1.5935762690701973,
              "samples": [],
              "totalTime": 500.60349800001495,
              "min": 0.6258749999997235,
              "max": 2.388708000000406,
              "hz": 1396.3146537980826,
              "period": 0.7161709556509512,
              "mean": 0.7161709556509512,
              "variance": 0.023699770964394924,
              "sd": 0.1539472993085456,
              "sem": 0.005822821630217758,
              "df": 698,
              "critical": 1.96,
              "moe": 0.011412730395226806,
              "p75": 0.699916999999914,
              "p99": 1.5718329999999696,
              "p995": 1.7295830000002752,
              "p999": 2.388708000000406,
              "sampleCount": 699,
              "median": 0.6813750000001164
            },
            {
              "id": "977659017_4",
              "name": "untracked • entity+version+file",
              "rank": 8,
              "rme": 2.2717281255450685,
              "samples": [],
              "totalTime": 500.45484100001704,
              "min": 0.6864169999989826,
              "max": 3.2089579999992566,
              "hz": 1264.84938927782,
              "period": 0.7906079636651138,
              "mean": 0.7906079636651138,
              "variance": 0.05315286107274415,
              "sd": 0.23054904266282292,
              "sem": 0.009163501772132411,
              "df": 632,
              "critical": 1.96,
              "moe": 0.017960463473379526,
              "p75": 0.7632919999996375,
              "p99": 1.935250000000451,
              "p995": 2.3911669999997684,
              "p999": 3.2089579999992566,
              "sampleCount": 633,
              "median": 0.7311250000002474
            },
            {
              "id": "977659017_5",
              "name": "untracked • entity+version+file+plugin",
              "rank": 15,
              "rme": 2.567488271157282,
              "samples": [],
              "totalTime": 500.08117500000117,
              "min": 0.7114999999994325,
              "max": 5.918666999999914,
              "hz": 1177.8087827441186,
              "period": 0.8490342529711395,
              "mean": 0.8490342529711395,
              "variance": 0.07285687036646357,
              "sd": 0.2699201184914966,
              "sem": 0.011121864726092784,
              "df": 588,
              "critical": 1.96,
              "moe": 0.021798854863141856,
              "p75": 0.8569169999991573,
              "p99": 1.6592500000006112,
              "p995": 1.752541999998357,
              "p999": 5.918666999999914,
              "sampleCount": 589,
              "median": 0.7776670000002923
            },
            {
              "id": "977659017_6",
              "name": "cache • entity+version",
              "rank": 1,
              "rme": 0.8798556417405756,
              "samples": [],
              "totalTime": 500.36208500000066,
              "min": 0.6571249999997235,
              "max": 1.3671250000006694,
              "hz": 1448.9507133619027,
              "period": 0.690154600000001,
              "mean": 0.690154600000001,
              "variance": 0.006958914234978399,
              "sd": 0.08342010689862725,
              "sem": 0.003098144992261281,
              "df": 724,
              "critical": 1.96,
              "moe": 0.006072364184832111,
              "p75": 0.6914159999996627,
              "p99": 1.2399999999997817,
              "p995": 1.315958999999566,
              "p999": 1.3671250000006694,
              "sampleCount": 725,
              "median": 0.6692090000015014
            },
            {
              "id": "977659017_7",
              "name": "cache • entity+version+file",
              "rank": 12,
              "rme": 2.1040625379281055,
              "samples": [],
              "totalTime": 500.9409199999973,
              "min": 0.6660000000010768,
              "max": 3.3102080000007845,
              "hz": 1215.7122241081909,
              "period": 0.8225630870279101,
              "mean": 0.8225630870279101,
              "variance": 0.04748548419004256,
              "sd": 0.21791164308049848,
              "sem": 0.008830225390295519,
              "df": 608,
              "critical": 1.96,
              "moe": 0.017307241764979216,
              "p75": 0.8317920000008598,
              "p99": 1.735000000000582,
              "p995": 2.067333000000872,
              "p999": 3.3102080000007845,
              "sampleCount": 609,
              "median": 0.7559160000000702
            },
            {
              "id": "977659017_8",
              "name": "cache • entity+version+file+plugin",
              "rank": 13,
              "rme": 1.4675608266299025,
              "samples": [],