{
	"files": [
		{
			"filepath": "/Users/samuel/git-repos/monorepo-2/packages/lix/sdk/src/state/vtable/vtable.select.bench.ts",
			"groups": [
				{
					"fullName": "src/state/vtable/vtable.select.bench.ts",
					"benchmarks": [
						{
							"id": "977659017_0",
							"name": "transaction • entity+version",
							"rank": 7,
							"rme": 1.1982865751169103,
							"samples": [],
							"totalTime": 500.10157399996933,
							"min": 1.8208749999994325,
							"max": 3.3685000000004948,
							"hz": 505.89722798995933,
							"period": 1.9766860632409855,
							"mean": 1.9766860632409855,
							"variance": 0.03694921078301431,
							"sd": 0.19222177499704426,
							"sem": 0.012084879453073311,
							"df": 252,
							"critical": 1.96,
							"moe": 0.02368636372802369,
							"p75": 1.997457999999824,
							"p99": 3.032874999998967,
							"p995": 3.204083000000537,
							"p999": 3.3685000000004948,
							"sampleCount": 253,
							"median": 1.9231669999990118
						},
						{
							"id": "977659017_1",
							"name": "transaction • entity+version+file",
							"rank": 9,
							"rme": 1.096808321803213,
							"samples": [],
							"totalTime": 501.09562000002006,
							"min": 1.8364170000004378,
							"max": 3.1068749999994907,
							"hz": 502.8980297213333,
							"period": 1.9884746825397621,
							"mean": 1.9884746825397621,
							"variance": 0.03120254395448932,
							"sd": 0.17664241833288322,
							"sem": 0.011127426426043944,
							"df": 251,
							"critical": 1.96,
							"moe": 0.02180975579504613,
							"p75": 2.0170840000009775,
							"p99": 3.0589170000002923,
							"p995": 3.070832999999766,
							"p999": 3.1068749999994907,
							"sampleCount": 252,
							"median": 1.954791999999543
						},
						{
							"id": "977659017_2",
							"name": "transaction • entity+version+file+plugin",
							"rank": 8,
							"rme": 1.6202742335745,
							"samples": [],
							"totalTime": 500.70766499999627,
							"min": 1.837333999999828,
							"max": 5.05645899999945,
							"hz": 503.2876818452577,
							"period": 1.9869351785714138,
							"mean": 1.9869351785714138,
							"variance": 0.06798809106132818,
							"sd": 0.26074526086072625,
							"sem": 0.016425407518479644,
							"df": 251,
							"critical": 1.96,
							"moe": 0.0321937987362201,
							"p75": 1.9911250000004657,
							"p99": 3.2034999999996217,
							"p995": 3.224166999998488,
							"p999": 5.05645899999945,
							"sampleCount": 252,
							"median": 1.9373539999996865
						},
						{
							"id": "977659017_3",
							"name": "untracked • entity+version",
							"rank": 1,
							"rme": 0.8367026417200943,
							"samples": [],
							"totalTime": 500.0331240000087,
							"min": 1.7953339999985474,
							"max": 2.7794169999997393,
							"hz": 537.9643609370073,
							"period": 1.8588591970260546,
							"mean": 1.8588591970260546,
							"variance": 0.01693851787239019,
							"sd": 0.13014806134702964,
							"sem": 0.007935267350700987,
							"df": 268,
							"critical": 1.96,
							"moe": 0.015553124007373933,
							"p75": 1.8469999999997526,
							"p99": 2.705500000000029,
							"p995": 2.729542000000947,
							"p999": 2.7794169999997393,
							"sampleCount": 269,
							"median": 1.8250000000007276
						},
						{
							"id": "977659017_4",
							"name": "untracked • entity+version+file",
							"rank": 2,
							"rme": 0.8391611509118466,
							"samples": [],
							"totalTime": 501.06716199996663,
							"min": 1.8222499999992579,
							"max": 2.8598330000004353,
							"hz": 534.8584387975077,
							"period": 1.8696535895521142,
							"mean": 1.8696535895521142,
							"variance": 0.017172585466572677,
							"sd": 0.13104421187741438,
							"sem": 0.008004799275586824,
							"df": 267,
							"critical": 1.96,
							"moe": 0.015689406580150174,
							"p75": 1.8557500000006257,
							"p99": 2.6911249999993743,
							"p995": 2.8467920000002778,
							"p999": 2.8598330000004353,
							"sampleCount": 268,
							"median": 1.8393540000006396
						},
						{
							"id": "977659017_5",
							"name": "untracked • entity+version+file+plugin",
							"rank": 5,
							"rme": 1.0295030288430973,
							"samples": [],
							"totalTime": 500.0804999999964,
							"min": 1.8309580000004644,
							"max": 3.0561670000006416,
							"hz": 523.9156495804214,
							"period": 1.9087041984732687,
							"mean": 1.9087041984732687,
							"variance": 0.026334293015304298,
							"sd": 0.1622784428545711,
							"sem": 0.010025595681090646,
							"df": 261,
							"critical": 1.96,
							"moe": 0.019650167534937667,
							"p75": 1.8945409999996627,
							"p99": 2.8340419999985897,
							"p995": 3.049582999999984,
							"p999": 3.0561670000006416,
							"sampleCount": 262,
							"median": 1.8525829999998678
						},
						{
							"id": "977659017_6",
							"name": "cache • entity+version",
							"rank": 3,
							"rme": 0.8833886149778437,
							"samples": [],
							"totalTime": 500.365657999997,
							"min": 1.7906669999993028,
							"max": 2.984707999999955,
							"hz": 533.6097626428264,
							"period": 1.8740286816479288,
							"mean": 1.8740286816479288,
							"variance": 0.019048254329628603,
							"sd": 0.13801541337701598,
							"sem": 0.008446406130151624,
							"df": 266,
							"critical": 1.96,
							"moe": 0.016554956015097183,
							"p75": 1.8646659999994881,
							"p99": 2.684709000001021,
							"p995": 2.7703330000003916,
							"p999": 2.984707999999955,
							"sampleCount": 267,
							"median": 1.8427089999986492
						},
						{
							"id": "977659017_7",
							"name": "cache • entity+version+file",
							"rank": 4,
							"rme": 0.8297405088690741,
							"samples": [],
							"totalTime": 501.8776129999751,
							"min": 1.8286250000001019,
							"max": 2.83995799999866,
							"hz": 524.0321408797588,
							"period": 1.9082798973383084,
							"mean": 1.9082798973383084,
							"variance": 0.017163756437010826,
							"sd": 0.13101052032951715,
							"sem": 0.008078454760623023,
							"df": 262,
							"critical": 1.96,
							"moe": 0.015833771330821124,
							"p75": 1.9085420000010345,
							"p99": 2.7837500000005093,
							"p995": 2.824916999999914,
							"p999": 2.83995799999866,
							"sampleCount": 263,
							"median": 1.8800419999988662
						},
						{
							"id": "977659017_8",
							"name": "cache • entity+version+file+plugin",
							"rank": 6,
							"rme": 1.0443791373473306,
							"samples": [],
							"totalTime": 502.6310489999887,
							"min": 1.8272909999996045,
							"max": 3.0967920000002778,
							"hz": 523.2466249811915,
							"period": 1.9111446730037593,
							"mean": 1.9111446730037593,
							"variance": 0.027273891576744796,
							"sd": 0.16514808983680312,
							"sem": 0.010183467474171492,
							"df": 262,
							"critical": 1.96,
							"moe": 0.019959596249376124,
							"p75": 1.8959579999991547,
							"p99": 2.9308339999988675,
							"p995": 3.049124999999549,
							"p999": 3.0967920000002778,
							"sampleCount": 263,
							"median": 1.875
						},
						{
							"id": "977659017_9",
							"name": "(inherited) untracked • entity+version",
							"rank": 10,
							"rme": 1.3860487953923928,
							"samples": [],
							"totalTime": 500.2932509999864,
							"min": 1.8154999999987922,
							"max": 3.485999999998967,
							"hz": 485.71512710653496,
							"period": 2.058819962962907,
							"mean": 2.058819962962907,
							"variance": 0.05150956848785006,
							"sd": 0.22695719527666458,
							"sem": 0.014559310865278306,
							"df": 242,
							"critical": 1.96,
							"moe": 0.02853624929594548,
							"p75": 2.1293339999992895,
							"p99": 3.080832999999984,
							"p995": 3.0955419999991136,
							"p999": 3.485999999998967,
							"sampleCount": 243,
							"median": 2.0085420000013983
						},
						{
							"id": "977659017_10",
							"name": "(inherited) untracked • entity+version+file",