{
  "files": [
    {
      "filepath": "/Users/samuel/git-repos/monorepo-3/packages/lix/sdk/src/state/views/state-by-version.bench.ts",
      "groups": [
        {
          "fullName": "src/state/views/state-by-version.bench.ts",
          "benchmarks": [
            {
              "id": "-1359754875_0",
              "name": "state_by_version select • tracked entity",
              "rank": 1,
              "rme": 1.9916943725346574,
              "samples": [],
              "totalTime": 500.4100019999919,
              "min": 0.5917920000001686,
              "max": 3.1331669999999576,
              "hz": 1440.81852304785,
              "period": 0.6940499334257862,
              "mean": 0.6940499334257862,
              "variance": 0.035863275163094635,
              "sd": 0.18937601527937648,
              "sem": 0.007052731360521388,
              "df": 720,
              "critical": 1.96,
              "moe": 0.013823353466621922,
              "p75": 0.677791999999954,
              "p99": 1.5532079999998132,
              "p995": 1.6283750000002328,
              "p999": 3.1331669999999576,
              "sampleCount": 721,
              "median": 0.6421249999998508
            },
            {
              "id": "-1359754875_1",
              "name": "state_by_version select • recent file scan",
              "rank": 3,
              "rme": 1.5655046094296108,
              "samples": [],
              "totalTime": 500.63083800000004,
              "min": 1.52020900000025,
              "max": 2.74474999999984,
              "hz": 577.2716701882435,
              "period": 1.7322866366782008,
              "mean": 1.7322866366782008,
              "variance": 0.05532659101223953,
              "sd": 0.23521605177419233,
              "sem": 0.013836238339658372,
              "df": 288,
              "critical": 1.96,
              "moe": 0.027119027145730407,
              "p75": 1.7413750000005166,
              "p99": 2.7080839999998716,
              "p995": 2.7169999999996435,
              "p999": 2.74474999999984,
              "sampleCount": 289,
              "median": 1.6537500000004002
            },
            {
              "id": "-1359754875_2",
              "name": "state_by_version select • untracked filter",
              "rank": 2,
              "rme": 1.607597118771233,
              "samples": [],
              "totalTime": 500.4313669999947,
              "min": 0.8994579999998678,
              "max": 2.1809579999999187,
              "hz": 997.1397336490406,
              "period": 1.0028684709418731,
              "mean": 1.0028684709418731,
              "variance": 0.03376220455531607,
              "sd": 0.18374494429865565,
              "sem": 0.008225553389758507,
              "df": 498,
              "critical": 1.96,
              "moe": 0.016122084643926674,
              "p75": 0.9815410000001066,
              "p99": 2.0447919999996884,
              "p995": 2.1504580000000715,
              "p999": 2.1809579999999187,
              "sampleCount": 499,
              "median": 0.9470840000003591
            },
            {
              "id": "-1359754875_3",
              "name": "state_by_version insert • tracked row",
              "rank": 6,
              "rme": 1.5089009530173818,
              "samples": [],
              "totalTime": 617.5241660000002,
              "min": 59.89445800000067,
              "max": 64.0014999999994,
              "hz": 16.193698239819163,
              "period": 61.75241660000002,
              "mean": 61.75241660000002,
              "variance": 1.6968528418236362,
              "sd": 1.302633041890016,
              "sem": 0.4119287367765978,
              "df": 9,
              "critical": 2.262,
              "moe": 0.9317828025886642,
              "p75": 62.21929100000034,
              "p99": 64.0014999999994,
              "p995": 64.0014999999994,
              "p999": 64.0014999999994,
              "sampleCount": 10,
              "median": 61.92287499999975
            },
            {
              "id": "-1359754875_4",
              "name": "state_by_version insert • untracked row",
              "rank": 4,
              "rme": 0.7474166595085503,
              "samples": [],
              "totalTime": 515.2775409999986,
              "min": 26.56183299999975,
              "max": 28.258708999999726,
              "hz": 36.87333230772434,
              "period": 27.119870578947292,
              "mean": 27.119870578947292,
              "variance": 0.17684886182055168,
              "sd": 0.42053401981356,
              "sem": 0.09647712077306521,
              "df": 18,
              "critical": 2.101,
              "moe": 0.20269843074421,
              "p75": 27.177832999999737,
              "p99": 28.258708999999726,
              "p995": 28.258708999999726,
              "p999": 28.258708999999726,
              "sampleCount": 19,
              "median": 27.037916999999652
            },
            {
              "id": "-1359754875_5",
              "name": "state_by_version update • tracked row",
              "rank": 5,
              "rme": 4.112513578823834,
              "samples": [],
              "totalTime": 521.0047889999987,
              "min": 37.32104200000049,
              "max": 47.38475000000017,
              "hz": 24.95178599980207,
              "period": 40.077291461538366,
              "mean": 40.077291461538366,
              "variance": 7.437728267223069,
              "sd": 2.727219878781883,
              "sem": 0.7563947009548281,
              "df": 12,
              "critical": 2.179,
              "moe": 1.6481840533805703,
              "p75": 40.450041000000056,
              "p99": 47.38475000000017,
              "p995": 47.38475000000017,
              "p999": 47.38475000000017,
              "sampleCount": 13,
              "median": 39.35229100000015
            },
            {
              "id": "-1359754875_6",
              "name": "state_by_version delete • tracked row",
              "rank": 7,
              "rme": 1.0003747522313053,
              "samples": [],
              "totalTime": 669.6961250000022,
              "min": 64.83533299999999,
              "max": 68.28941699999996,
              "hz": 14.932145530930116,
              "period": 66.96961250000022,
              "mean": 66.96961250000022,
              "variance": 0.8771943294391747,
              "sd": 0.936586530673581,
              "sem": 0.2961746662763672,
              "df": 9,
              "critical": 2.262,
              "moe": 0.6699470951171426,
              "p75": 67.47500000000036,
              "p99": 68.28941699999996,
              "p995": 68.28941699999996,
              "p999": 68.28941699999996,
              "sampleCount": 10,
              "median": 66.90683350000018
            }
          ]
        }
      ]
    }
  ]
}