{
  "files": [
    {
      "filepath": "/Users/samuel/git-repos/monorepo-2/packages/lix/sdk/src/engine/functions/nano-id.bench.ts",
      "groups": [
        {
          "fullName": "src/engine/functions/nano-id.bench.ts > nanoId deterministic mode",
          "benchmarks": [
            {
              "id": "379983567_0_0",
              "name": "nanoId - async deterministic generation",
              "rank": 1,
              "rme": 2.2252842985653105,
              "samples": [],
              "totalTime": 2682.7177920000013,
              "min": 253.5669170000001,
              "max": 281.418459,
              "hz": 3.727563156221836,
              "period": 268.27177920000014,
              "mean": 268.27177920000014,
              "variance": 69.65235183377094,
              "sd": 8.34579845393902,
              "sem": 2.639173200715916,
              "df": 9,
              "critical": 2.262,
              "moe": 5.969809780019402,
              "p75": 274.5890410000002,
              "p99": 281.418459,
              "p995": 281.418459,
              "p999": 281.418459,
              "sampleCount": 10,
              "median": 267.7834165000004
            },
            {
              "id": "379983567_0_1",
              "name": "nanoIdSync - engine deterministic generation",
              "rank": 2,
              "rme": 6.025496625956091,
              "samples": [],
              "totalTime": 3143.127500999998,
              "min": 283.79062499999964,
              "max": 356.2609170000014,
              "hz": 3.181544495671417,
              "period": 314.3127500999998,
              "mean": 314.3127500999998,
              "variance": 701.0104484251325,
              "sd": 26.47660190479761,
              "sem": 8.372636672071303,
              "df": 9,
              "critical": 2.262,
              "moe": 18.938904152225287,
              "p75": 337.5255419999994,
              "p99": 356.2609170000014,
              "p995": 356.2609170000014,
              "p999": 356.2609170000014,
              "sampleCount": 10,
              "median": 308.0274794999991
            }
          ]
        }
      ]
    }
  ]
}