{
  "files": [
    {
      "filepath": "/Users/samuel/git-repos/monorepo-2/packages/lix/sdk/src/engine/functions/nano-id.bench.ts",
      "groups": [
        {
          "fullName": "src/engine/functions/nano-id.bench.ts > nanoId deterministic mode",
          "benchmarks": [
            {
              "id": "379983567_0_0",
              "name": "nanoId - async deterministic generation",
              "rank": 1,
              "rme": 3.865097103649507,
              "samples": [],
              "totalTime": 2691.050834999999,
              "min": 250.35237499999994,
              "max": 288.1833749999996,
              "hz": 3.716020474210032,
              "period": 269.1050834999999,
              "mean": 269.1050834999999,
              "variance": 211.4362370502606,
              "sd": 14.540847191627474,
              "sem": 4.598219623400568,
              "df": 9,
              "critical": 2.262,
              "moe": 10.401172788132085,
              "p75": 284.89216599999963,
              "p99": 288.1833749999996,
              "p995": 288.1833749999996,
              "p999": 288.1833749999996,
              "sampleCount": 10,
              "median": 262.77708400000006
            },
            {
              "id": "379983567_0_1",
              "name": "nanoIdSync - engine deterministic generation",
              "rank": 2,
              "rme": 1.8616131867586958,
              "samples": [],
              "totalTime": 3008.312,
              "min": 289.45645799999966,
              "max": 312.85754199999974,
              "hz": 3.3241232957219866,
              "period": 300.83119999999997,
              "mean": 300.83119999999997,
              "variance": 61.29703167915457,
              "sd": 7.829242088424305,
              "sem": 2.4758237352274204,
              "df": 9,
              "critical": 2.262,
              "moe": 5.600313289084425,
              "p75": 305.8905840000007,
              "p99": 312.85754199999974,
              "p995": 312.85754199999974,
              "p999": 312.85754199999974,
              "sampleCount": 10,
              "median": 303.6424790000001
            }
          ]
        }
      ]
    }
  ]
}