{
	"files": [
		{
			"filepath": "/Users/samuel/git-repos/monorepo-2/packages/lix/sdk/src/version/select-version-diff.bench.ts",
			"groups": [
				{
					"fullName": "src/version/select-version-diff.bench.ts",
					"benchmarks": [
						{
							"id": "-1862905692_0",
							"name": "selectVersionDiff (exclude unchanged)",
							"rank": 1,
							"rme": 0.8679633451609134,
							"samples": [],
							"totalTime": 1128.2037920000002,
							"min": 111.2215839999999,
							"max": 115.9178750000001,
							"hz": 8.86364686141739,
							"period": 112.82037920000002,
							"mean": 112.82037920000002,
							"variance": 1.8740996470840443,
							"sd": 1.368977591885289,
							"sem": 0.43290872560899535,
							"df": 9,
							"critical": 2.262,
							"moe": 0.9792395373275475,
							"p75": 113.52858300000025,
							"p99": 115.9178750000001,
							"p995": 115.9178750000001,
							"p999": 115.9178750000001,
							"sampleCount": 10,
							"median": 112.48660450000011
						},
						{
							"id": "-1862905692_1",
							"name": "selectVersionDiff (full document diff)",
							"rank": 2,
							"rme": 1.9155004414067662,
							"samples": [],
							"totalTime": 1162.538794000001,
							"min": 112.37562499999967,
							"max": 120.6929999999993,
							"hz": 8.601863483275716,
							"period": 116.2538794000001,
							"mean": 116.2538794000001,
							"variance": 9.691571856233042,
							"sd": 3.1131289495029018,
							"sem": 0.984457813023648,
							"df": 9,
							"critical": 2.262,
							"moe": 2.2268435730594915,
							"p75": 118.94187500000044,
							"p99": 120.6929999999993,
							"p995": 120.6929999999993,
							"p999": 120.6929999999993,
							"sampleCount": 10,
							"median": 115.18264650000037
						}
					]
				}
			]
		}
	]
}
