{
  "files": [
    {
      "filepath": "/Users/samuel/git-repos/monorepo-2/packages/lix/sdk/src/version/select-version-diff.bench.ts",
      "groups": [
        {
          "fullName": "src/version/select-version-diff.bench.ts",
          "benchmarks": [
            {
              "id": "-1862905692_0",
              "name": "selectVersionDiff (exclude unchanged)",
              "rank": 1,
              "rme": 1.179691288814694,
              "samples": [],
              "totalTime": 1083.1532939999993,
              "min": 105.55804200000011,
              "max": 110.75804199999993,
              "hz": 9.232303548716352,
              "period": 108.31532939999992,
              "mean": 108.31532939999992,
              "variance": 3.1910337192469047,
              "sd": 1.7863464723414952,
              "sem": 0.5648923542806101,
              "df": 9,
              "critical": 2.262,
              "moe": 1.2777865053827402,
              "p75": 109.77491699999973,
              "p99": 110.75804199999993,
              "p995": 110.75804199999993,
              "p999": 110.75804199999993,
              "sampleCount": 10,
              "median": 108.64989549999996
            },
            {
              "id": "-1862905692_1",
              "name": "selectVersionDiff (full document diff)",
              "rank": 2,
              "rme": 0.7342268439536498,
              "samples": [],
              "totalTime": 1107.6032479999994,
              "min": 108.29808299999968,
              "max": 112.75979199999983,
              "hz": 9.028503679505285,
              "period": 110.76032479999995,
              "mean": 110.76032479999995,
              "variance": 1.2925393015766216,
              "sd": 1.1368989847724473,
              "sem": 0.359519026141402,
              "df": 9,
              "critical": 2.262,
              "moe": 0.8132320371318513,
              "p75": 111.28958299999977,
              "p99": 112.75979199999983,
              "p995": 112.75979199999983,
              "p999": 112.75979199999983,
              "sampleCount": 10,
              "median": 110.85227050000003
            }
          ]
        }
      ]
    }
  ]
}