{
	"files": [
		{
			"filepath": "/Users/samuel/git-repos/monorepo-2/packages/lix/sdk/src/version/select-version-diff.bench.ts",
			"groups": [
				{
					"fullName": "src/version/select-version-diff.bench.ts",
					"benchmarks": [
						{
							"id": "-1862905692_0",
							"name": "selectVersionDiff (exclude unchanged)",
							"rank": 1,
							"rme": 0.9751493863662166,
							"samples": [],
							"totalTime": 558.8046690000001,
							"min": 54.982124999999996,
							"max": 57.500666999999794,
							"hz": 17.89534081362516,
							"period": 55.88046690000001,
							"mean": 55.88046690000001,
							"variance": 0.5803328500080309,
							"sd": 0.7617958059795492,
							"sem": 0.24090098588590933,
							"df": 9,
							"critical": 2.262,
							"moe": 0.5449180300739269,
							"p75": 56.19066699999985,
							"p99": 57.500666999999794,
							"p995": 57.500666999999794,
							"p999": 57.500666999999794,
							"sampleCount": 10,
							"median": 55.580000000000155
						},
						{
							"id": "-1862905692_1",
							"name": "selectVersionDiff (full document diff)",
							"rank": 2,
							"rme": 1.676913626743836,
							"samples": [],
							"totalTime": 589.071039999998,
							"min": 57.43470799999977,
							"max": 61.283832999999504,
							"hz": 16.97588121120338,
							"period": 58.9071039999998,
							"mean": 58.9071039999998,
							"variance": 1.9070915038140432,
							"sd": 1.3809748382262594,
							"sem": 0.43670258801775413,
							"df": 9,
							"critical": 2.262,
							"moe": 0.9878212540961598,
							"p75": 60.37958400000025,
							"p99": 61.283832999999504,
							"p995": 61.283832999999504,
							"p999": 61.283832999999504,
							"sampleCount": 10,
							"median": 58.36737499999981
						}
					]
				}
			]
		}
	]
}
