{
	"files": [
		{
			"filepath": "/Users/samuel/git-repos/monorepo-2/packages/lix/sdk/src/version/select-version-diff.bench.ts",
			"groups": [
				{
					"fullName": "src/version/select-version-diff.bench.ts",
					"benchmarks": [
						{
							"id": "-1862905692_0",
							"name": "selectVersionDiff (exclude unchanged)",
							"rank": 1,
							"rme": 1.2698378022758974,
							"samples": [],
							"totalTime": 1117.6719580000004,
							"min": 108.90116699999999,
							"max": 114.85000000000036,
							"hz": 8.947169094135935,
							"period": 111.76719580000004,
							"mean": 111.76719580000004,
							"variance": 3.936769719524515,
							"sd": 1.9841294613821234,
							"sem": 0.6274368270610607,
							"df": 9,
							"critical": 2.262,
							"moe": 1.4192621028121195,
							"p75": 113.80812499999956,
							"p99": 114.85000000000036,
							"p995": 114.85000000000036,
							"p999": 114.85000000000036,
							"sampleCount": 10,
							"median": 111.36329149999983
						},
						{
							"id": "-1862905692_1",
							"name": "selectVersionDiff (full document diff)",
							"rank": 2,
							"rme": 1.3456158477349414,
							"samples": [],
							"totalTime": 1149.564792000002,
							"min": 112.58504200000061,
							"max": 118.70825000000059,
							"hz": 8.698944217491295,
							"period": 114.95647920000019,
							"mean": 114.95647920000019,
							"variance": 4.676531818842284,
							"sd": 2.162529033063437,
							"sem": 0.6838517250722033,
							"df": 9,
							"critical": 2.262,
							"moe": 1.546872602113324,
							"p75": 115.59600000000046,
							"p99": 118.70825000000059,
							"p995": 118.70825000000059,
							"p999": 118.70825000000059,
							"sampleCount": 10,
							"median": 114.36468749999995
						}
					]
				}
			]
		}
	]
}
