{
  "files": [
    {
      "filepath": "/Users/samuel/git-repos/monorepo-2/packages/lix/sdk/src/state/views/state.bench.ts",
      "groups": [
        {
          "fullName": "src/state/views/state.bench.ts",
          "benchmarks": [
            {
              "id": "348565318_0",
              "name": "state select • tracked entity",
              "rank": 1,
              "rme": 1.1068179197442234,
              "samples": [],
              "totalTime": 502.5439200000028,
              "min": 13.872959000000264,
              "max": 15.625417000000198,
              "hz": 69.64565405547002,
              "period": 14.358397714285795,
              "mean": 14.358397714285795,
              "variance": 0.21374762562882446,
              "sd": 0.4623284823897663,
              "sem": 0.07814777679477782,
              "df": 34,
              "critical": 2.0336,
              "moe": 0.15892131888986016,
              "p75": 14.539292000000387,
              "p99": 15.625417000000198,
              "p995": 15.625417000000198,
              "p999": 15.625417000000198,
              "sampleCount": 35,
              "median": 14.122875000000022
            },
            {
              "id": "348565318_1",
              "name": "state select • recent file scan",
              "rank": 3,
              "rme": 2.3031002489835033,
              "samples": [],
              "totalTime": 515.8376270000026,
              "min": 14.791459000000032,
              "max": 19.86175000000003,
              "hz": 63.97361935754996,
              "period": 15.631443242424321,
              "mean": 15.631443242424321,
              "variance": 1.0299464966628404,
              "sd": 1.0148627969646145,
              "sem": 0.17666493681224338,
              "df": 32,
              "critical": 2.0378,
              "moe": 0.36000780823598955,
              "p75": 15.845000000000255,
              "p99": 19.86175000000003,
              "p995": 19.86175000000003,
              "p999": 19.86175000000003,
              "sampleCount": 33,
              "median": 15.440083000000413
            },
            {
              "id": "348565318_2",
              "name": "state select • untracked filter",
              "rank": 2,
              "rme": 1.4014068096921861,
              "samples": [],
              "totalTime": 500.12403899999845,
              "min": 14.749958999999762,
              "max": 17.07445899999948,
              "hz": 63.98412694575575,
              "period": 15.628876218749951,
              "mean": 15.628876218749951,
              "variance": 0.3689063853896884,
              "sd": 0.6073766421173014,
              "sem": 0.10737003559386464,
              "df": 31,
              "critical": 2.0399,
              "moe": 0.21902413560792447,
              "p75": 16.062042000000474,
              "p99": 17.07445899999948,
              "p995": 17.07445899999948,
              "p999": 17.07445899999948,
              "sampleCount": 32,
              "median": 15.77324950000002
            },
            {
              "id": "348565318_3",
              "name": "state insert • tracked row",
              "rank": 5,
              "rme": 2.9641854297676025,
              "samples": [],
              "totalTime": 2449.735375,
              "min": 223.47304099999928,
              "max": 256.688709,
              "hz": 4.0820735586593715,
              "period": 244.97353750000002,
              "mean": 244.97353750000002,
              "variance": 103.05376959285712,
              "sd": 10.151540257165763,
              "sem": 3.2101988971535254,
              "df": 9,
              "critical": 2.262,
              "moe": 7.261469905361275,
              "p75": 250.3729999999996,
              "p99": 256.688709,
              "p995": 256.688709,
              "p999": 256.688709,
              "sampleCount": 10,
              "median": 247.66564600000038
            },
            {
              "id": "348565318_4",
              "name": "state insert • untracked row",
              "rank": 4,
              "rme": 1.3415904345478755,
              "samples": [],
              "totalTime": 713.5847079999985,
              "min": 68.62483299999985,
              "max": 72.86170800000036,
              "hz": 14.013753220731884,
              "period": 71.35847079999985,
              "mean": 71.35847079999985,
              "variance": 1.7912069855194153,
              "sd": 1.3383598116797348,
              "sem": 0.42322653337419847,
              "df": 9,
              "critical": 2.262,
              "moe": 0.957338418492437,
              "p75": 72.27058299999953,
              "p99": 72.86170800000036,
              "p995": 72.86170800000036,
              "p999": 72.86170800000036,
              "sampleCount": 10,
              "median": 71.7966039999992
            }
          ]
        }
      ]
    }
  ]
}