{
	"files": [
		{
			"filepath": "/Users/samuel/git-repos/monorepo-2/packages/lix/sdk/src/state/views/state.bench.ts",
			"groups": [
				{
					"fullName": "src/state/views/state.bench.ts",
					"benchmarks": [
						{
							"id": "348565318_0",
							"name": "state select • tracked entity",
							"rank": 1,
							"rme": 1.0996137966760497,
							"samples": [],
							"totalTime": 510.84046200000193,
							"min": 14.314167000000452,
							"max": 16.204999999999927,
							"hz": 66.55698310757512,
							"period": 15.024719470588293,
							"mean": 15.024719470588293,
							"variance": 0.22394659734001143,
							"sd": 0.4732299624284281,
							"sem": 0.08115826900351802,
							"df": 33,
							"critical": 2.0357,
							"moe": 0.16521388821046162,
							"p75": 15.41870900000049,
							"p99": 16.204999999999927,
							"p995": 16.204999999999927,
							"p999": 16.204999999999927,
							"sampleCount": 34,
							"median": 14.970812500000193
						},
						{
							"id": "348565318_1",
							"name": "state select • recent file scan",
							"rank": 2,
							"rme": 1.2393237607091336,
							"samples": [],
							"totalTime": 507.4784559999989,
							"min": 14.747083000000202,
							"max": 17.01679200000035,
							"hz": 65.02739103470448,
							"period": 15.378135030302998,
							"mean": 15.378135030302998,
							"variance": 0.2886474442071966,
							"sd": 0.5372591964845242,
							"sem": 0.09352482156466768,
							"df": 32,
							"critical": 2.0378,
							"moe": 0.1905848813844798,
							"p75": 15.610125000000153,
							"p99": 17.01679200000035,
							"p995": 17.01679200000035,
							"p999": 17.01679200000035,
							"sampleCount": 33,
							"median": 15.290750000000116
						},
						{
							"id": "348565318_2",
							"name": "state select • untracked filter",
							"rank": 3,
							"rme": 1.4541031628021788,
							"samples": [],
							"totalTime": 503.76433499999894,
							"min": 14.89245899999969,
							"max": 17.61945900000046,
							"hz": 63.521765589062724,
							"period": 15.742635468749967,
							"mean": 15.742635468749967,
							"variance": 0.4029744757089798,
							"sd": 0.6348027061292192,
							"sem": 0.11221832455488549,
							"df": 31,
							"critical": 2.0399,
							"moe": 0.2289141602595109,
							"p75": 16.104874999999993,
							"p99": 17.61945900000046,
							"p995": 17.61945900000046,
							"p999": 17.61945900000046,
							"sampleCount": 32,
							"median": 15.666208500000266
						},
						{
							"id": "348565318_3",
							"name": "state insert • tracked row",
							"rank": 6,
							"rme": 4.056675805949701,
							"samples": [],
							"totalTime": 2298.199751999997,
							"min": 214.59458300000006,
							"max": 249.34262499999932,
							"hz": 4.3512318680295525,
							"period": 229.81997519999967,
							"mean": 229.81997519999967,
							"variance": 169.8755788438275,
							"sd": 13.033632603531046,
							"sem": 4.121596521298846,
							"df": 9,
							"critical": 2.262,
							"moe": 9.32305133117799,
							"p75": 240.44145899999967,
							"p99": 249.34262499999932,
							"p995": 249.34262499999932,
							"p999": 249.34262499999932,
							"sampleCount": 10,
							"median": 226.59239650000018
						},
						{
							"id": "348565318_4",
							"name": "state insert • untracked row",
							"rank": 4,
							"rme": 1.6207602121803142,
							"samples": [],
							"totalTime": 663.765209000001,
							"min": 64.95608399999946,
							"max": 69.67766699999993,
							"hz": 15.065568162371077,
							"period": 66.3765209000001,
							"mean": 66.3765209000001,
							"variance": 2.261941156944994,
							"sd": 1.5039751184594092,
							"sem": 0.47559869185532816,
							"df": 9,
							"critical": 2.262,
							"moe": 1.0758042409767523,
							"p75": 67.10608300000058,
							"p99": 69.67766699999993,
							"p995": 69.67766699999993,
							"p999": 69.67766699999993,
							"sampleCount": 10,
							"median": 65.9101455
						},
						{
							"id": "348565318_5",
							"name": "state update • tracked row",
							"rank": 5,
							"rme": 2.028467886116243,
							"samples": [],
							"totalTime": 1480.473460000003,
							"min": 142.16395900000134,
							"max": 155.08416699999907,
							"hz": 6.754595925009004,
							"period": 148.0473460000003,
							"mean": 148.0473460000003,
							"variance": 17.62594150577682,
							"sd": 4.198326036145456,
							"sem": 1.3276272634206039,
							"df": 9,
							"critical": 2.262,
							"moe": 3.003092869857406,
							"p75": 151.54774999999972,
							"p99": 155.08416699999907,
							"p995": 155.08416699999907,
							"p999": 155.08416699999907,
							"sampleCount": 10,
							"median": 147.38720850000027
						},
						{
							"id": "348565318_6",
							"name": "state delete • tracked row",
							"rank": 7,
							"rme": 1.1829718691181965,
							"samples": [],
							"totalTime": 2896.4229169999926,
							"min": 282.1244169999991,
							"max": 296.58629199999996,
							"hz": 3.4525344835890297,
							"period": 289.64229169999925,
							"mean": 289.64229169999925,
							"variance": 22.94497471718269,
							"sd": 4.790091305725047,
							"sem": 1.5147598726261098,
							"df": 9,
							"critical": 2.262,
							"moe": 3.42638683188026,
							"p75": 292.84658299999865,
							"p99": 296.58629199999996,
							"p995": 296.58629199999996,
							"p999": 296.58629199999996,
							"sampleCount": 10,
							"median": 289.7861039999998
						}
					]
				}
			]
		}
	]
}
