{
	"files": [
		{
			"filepath": "/Users/samuel/git-repos/monorepo-2/packages/lix/sdk/src/state/views/state.bench.ts",
			"groups": [
				{
					"fullName": "src/state/views/state.bench.ts",
					"benchmarks": [
						{
							"id": "348565318_0",
							"name": "state select • tracked entity",
							"rank": 1,
							"rme": 0.9262450775546571,
							"samples": [],
							"totalTime": 510.2725410000039,
							"min": 13.812208000000282,
							"max": 14.930875000000015,
							"hz": 70.55053350401569,
							"period": 14.17423725000011,
							"mean": 14.17423725000011,
							"variance": 0.1503557595507598,
							"sd": 0.3877573462241042,
							"sem": 0.06462622437068404,
							"df": 35,
							"critical": 2.0315,
							"moe": 0.13128817480904462,
							"p75": 14.500834000000395,
							"p99": 14.930875000000015,
							"p995": 14.930875000000015,
							"p999": 14.930875000000015,
							"sampleCount": 36,
							"median": 13.986291500000334
						},
						{
							"id": "348565318_1",
							"name": "state select • recent file scan",
							"rank": 2,
							"rme": 1.9031311374731321,
							"samples": [],
							"totalTime": 505.3867900000023,
							"min": 14.767749999999978,
							"max": 18.928875000000517,
							"hz": 65.29652268908701,
							"period": 15.314751212121282,
							"mean": 15.314751212121282,
							"variance": 0.6750689703402182,
							"sd": 0.8216258091979695,
							"sem": 0.14302669493788597,
							"df": 32,
							"critical": 2.0378,
							"moe": 0.29145979894442403,
							"p75": 15.493499999999585,
							"p99": 18.928875000000517,
							"p995": 18.928875000000517,
							"p999": 18.928875000000517,
							"sampleCount": 33,
							"median": 14.916333000000122
						},
						{
							"id": "348565318_2",
							"name": "state select • untracked filter",
							"rank": 3,
							"rme": 1.2692656336832642,
							"samples": [],
							"totalTime": 513.1727920000012,
							"min": 14.714750000000095,
							"max": 16.61554199999955,
							"hz": 64.30582547330359,
							"period": 15.550690666666704,
							"mean": 15.550690666666704,
							"variance": 0.3095959221938529,
							"sd": 0.5564134453747976,
							"sem": 0.0968591483130785,
							"df": 32,
							"critical": 2.0378,
							"moe": 0.19737957243239135,
							"p75": 15.999834000000192,
							"p99": 16.61554199999955,
							"p995": 16.61554199999955,
							"p999": 16.61554199999955,
							"sampleCount": 33,
							"median": 15.491790999999466
						},
						{
							"id": "348565318_3",
							"name": "state insert • tracked row",
							"rank": 6,
							"rme": 4.510974041722606,
							"samples": [],
							"totalTime": 2331.2985009999993,
							"min": 213.23675000000003,
							"max": 253.4774579999994,
							"hz": 4.28945499502125,
							"period": 233.12985009999994,
							"mean": 233.12985009999994,
							"variance": 216.14800110953627,
							"sd": 14.701972694490228,
							"sem": 4.649171981219196,
							"df": 9,
							"critical": 2.262,
							"moe": 10.51642702151782,
							"p75": 246.42683299999953,
							"p99": 253.4774579999994,
							"p995": 253.4774579999994,
							"p999": 253.4774579999994,
							"sampleCount": 10,
							"median": 232.54060449999997
						},
						{
							"id": "348565318_4",
							"name": "state insert • untracked row",
							"rank": 4,
							"rme": 1.4217453335103571,
							"samples": [],
							"totalTime": 684.1295410000021,
							"min": 65.76429200000166,
							"max": 69.67816700000003,
							"hz": 14.617114743185706,
							"period": 68.4129541000002,
							"mean": 68.4129541000002,
							"variance": 1.8489923293300978,
							"sd": 1.3597765733127254,
							"sem": 0.4299991080607142,
							"df": 9,
							"critical": 2.262,
							"moe": 0.9726579824333355,
							"p75": 69.22033300000112,
							"p99": 69.67816700000003,
							"p995": 69.67816700000003,
							"p999": 69.67816700000003,
							"sampleCount": 10,
							"median": 68.93745799999942
						},
						{
							"id": "348565318_5",
							"name": "state update • tracked row",
							"rank": 5,
							"rme": 2.410073061159766,
							"samples": [],
							"totalTime": 1473.6664169999985,
							"min": 141.67312499999935,
							"max": 156.70050000000083,
							"hz": 6.785796218629585,
							"period": 147.36664169999986,
							"mean": 147.36664169999986,
							"variance": 24.653216452746793,
							"sd": 4.965200545068325,
							"sem": 1.5701342761925423,
							"df": 9,
							"critical": 2.262,
							"moe": 3.5516437327475305,
							"p75": 149.3680829999994,
							"p99": 156.70050000000083,
							"p995": 156.70050000000083,
							"p999": 156.70050000000083,
							"sampleCount": 10,
							"median": 147.11377099999936
						},
						{
							"id": "348565318_6",
							"name": "state delete • tracked row",
							"rank": 7,
							"rme": 1.8837999297319372,
							"samples": [],
							"totalTime": 2819.8899580000034,
							"min": 269.2307910000018,
							"max": 295.20879100000093,
							"hz": 3.546237672016274,
							"period": 281.98899580000034,
							"mean": 281.98899580000034,
							"variance": 55.1504008605019,
							"sd": 7.4263315883753735,
							"sem": 2.34841224789222,
							"df": 9,
							"critical": 2.262,
							"moe": 5.312108504732201,
							"p75": 285.07487500000207,
							"p99": 295.20879100000093,
							"p995": 295.20879100000093,
							"p999": 295.20879100000093,
							"sampleCount": 10,
							"median": 283.1427295000003
						}
					]
				}
			]
		}
	]
}
