{
  "files": [
    {
      "filepath": "/Users/samuel/git-repos/monorepo-2/packages/lix/sdk/src/state/views/state.bench.ts",
      "groups": [
        {
          "fullName": "src/state/views/state.bench.ts",
          "benchmarks": [
            {
              "id": "348565318_0",
              "name": "state select • tracked entity",
              "rank": 1,
              "rme": 0.9213731471075725,
              "samples": [],
              "totalTime": 512.5487969999995,
              "min": 14.018458999999893,
              "max": 15.657084000000395,
              "hz": 68.28618114969458,
              "period": 14.644251342857128,
              "mean": 14.644251342857128,
              "variance": 0.15407863699470176,
              "sd": 0.39252851742860895,
              "sem": 0.0663494293214131,
              "df": 34,
              "critical": 2.0336,
              "moe": 0.13492819946802567,
              "p75": 14.826125000000502,
              "p99": 15.657084000000395,
              "p995": 15.657084000000395,
              "p999": 15.657084000000395,
              "sampleCount": 35,
              "median": 14.551583000000392
            },
            {
              "id": "348565318_1",
              "name": "state select • recent file scan",
              "rank": 3,
              "rme": 2.172560460334979,
              "samples": [],
              "totalTime": 512.5019589999984,
              "min": 15.221540999999888,
              "max": 20.807041999999456,
              "hz": 62.438785721792925,
              "period": 16.01568621874995,
              "mean": 16.01568621874995,
              "variance": 0.9310372732859281,
              "sd": 0.9649027273699293,
              "sem": 0.17057231542716786,
              "df": 31,
              "critical": 2.0399,
              "moe": 0.3479504662398797,
              "p75": 16.213584000000083,
              "p99": 20.807041999999456,
              "p995": 20.807041999999456,
              "p999": 20.807041999999456,
              "sampleCount": 32,
              "median": 15.825958499999615
            },
            {
              "id": "348565318_2",
              "name": "state select • untracked filter",
              "rank": 2,
              "rme": 3.2111735072253094,
              "samples": [],
              "totalTime": 502.8146260000012,
              "min": 14.774792000000161,
              "max": 22.63879199999974,
              "hz": 63.641744582027975,
              "period": 15.712957062500038,
              "mean": 15.712957062500038,
              "variance": 1.9578328636949396,
              "sd": 1.3992258086866964,
              "sem": 0.24735051443339845,
              "df": 31,
              "critical": 2.0399,
              "moe": 0.5045703143926894,
              "p75": 15.800625000000764,
              "p99": 22.63879199999974,
              "p995": 22.63879199999974,
              "p999": 22.63879199999974,
              "sampleCount": 32,
              "median": 15.534916500000236
            },
            {
              "id": "348565318_3",
              "name": "state insert • tracked row",
              "rank": 5,
              "rme": 2.493068058909172,
              "samples": [],
              "totalTime": 2410.945665000003,
              "min": 228.62604099999953,
              "max": 256.57087500000125,
              "hz": 4.14775004894189,
              "period": 241.0945665000003,
              "mean": 241.0945665000003,
              "variance": 70.6086509190958,
              "sd": 8.402895389036793,
              "sem": 2.6572288369482933,
              "df": 9,
              "critical": 2.262,
              "moe": 6.0106516291770395,
              "p75": 246.50387500000033,
              "p99": 256.57087500000125,
              "p995": 256.57087500000125,
              "p999": 256.57087500000125,
              "sampleCount": 10,
              "median": 240.18693750000057
            },
            {
              "id": "348565318_4",
              "name": "state insert • untracked row",
              "rank": 4,
              "rme": 2.718948826394711,
              "samples": [],
              "totalTime": 718.5012079999997,
              "min": 68.44920900000034,
              "max": 78.19924999999967,
              "hz": 13.91786108173113,
              "period": 71.85012079999997,
              "mean": 71.85012079999997,
              "variance": 7.458849969107961,
              "sd": 2.731089520522526,
              "sem": 0.8636463378668353,
              "df": 9,
              "critical": 2.262,
              "moe": 1.9535680162547815,
              "p75": 72.433583,
              "p99": 78.19924999999967,
              "p995": 78.19924999999967,
              "p999": 78.19924999999967,
              "sampleCount": 10,
              "median": 71.15452099999948
            }
          ]
        }
      ]
    }
  ]
}