{
  "files": [
    {
      "filepath": "/Users/samuel/git-repos/monorepo-2/packages/lix/sdk/src/engine/query-compiler/playground.bench.ts",
      "groups": [
        {
          "fullName": "src/engine/query-compiler/playground.bench.ts > state benchmarks",
          "benchmarks": [
            {
              "id": "1198490185_0_0",
              "name": "insert 10 then read all",
              "rank": 1,
              "rme": 8.682741540769463,
              "samples": [],
              "totalTime": 8281.056456999999,
              "min": 675.354875,
              "max": 986.042958,
              "hz": 1.2075753923337853,
              "period": 828.1056456999999,
              "mean": 828.1056456999999,
              "variance": 10104.155865211073,
              "sd": 100.5194302869404,
              "sem": 31.78703488092444,
              "df": 9,
              "critical": 2.262,
              "moe": 71.90227290065108,
              "p75": 890.5072499999987,
              "p99": 986.042958,
              "p995": 986.042958,
              "p999": 986.042958,
              "sampleCount": 10,
              "median": 844.8472495000001
            },
            {
              "id": "1198490185_0_1",
              "name": "insert 10 then read specific key",
              "rank": 2,
              "rme": 4.62065789303341,
              "samples": [],
              "totalTime": 13017.853789999997,
              "min": 1178.4993749999994,
              "max": 1440.2365839999984,
              "hz": 0.7681757808404455,
              "period": 1301.7853789999997,
              "mean": 1301.7853789999997,
              "variance": 7071.331676727675,
              "sd": 84.09121046059258,
              "sem": 26.59197562560494,
              "df": 9,
              "critical": 2.262,
              "moe": 60.151048865118376,
              "p75": 1370.639916,
              "p99": 1440.2365839999984,
              "p995": 1440.2365839999984,
              "p999": 1440.2365839999984,
              "sampleCount": 10,
              "median": 1273.7360000000008
            }
          ]
        }
      ]
    }
  ]
}